"date","geography","geography code","Rural Urban","Age: All categories: Age; measures: Value","Age: Age under 1; measures: Value","Age: Age 1; measures: Value","Age: Age 2; measures: Value","Age: Age 3; measures: Value","Age: Age 4; measures: Value","Age: Age 5; measures: Value","Age: Age 6; measures: Value","Age: Age 7; measures: Value","Age: Age 8; measures: Value","Age: Age 9; measures: Value","Age: Age 10; measures: Value","Age: Age 11; measures: Value","Age: Age 12; measures: Value","Age: Age 13; measures: Value","Age: Age 14; measures: Value","Age: Age 15; measures: Value","Age: Age 16; measures: Value","Age: Age 17; measures: Value","Age: Age 18; measures: Value","Age: Age 19; measures: Value","Age: Age 20; measures: Value","Age: Age 21; measures: Value","Age: Age 22; measures: Value","Age: Age 23; measures: Value","Age: Age 24; measures: Value","Age: Age 25; measures: Value","Age: Age 26; measures: Value","Age: Age 27; measures: Value","Age: Age 28; measures: Value","Age: Age 29; measures: Value","Age: Age 30; measures: Value","Age: Age 31; measures: Value","Age: Age 32; measures: Value","Age: Age 33; measures: Value","Age: Age 34; measures: Value","Age: Age 35; measures: Value","Age: Age 36; measures: Value","Age: Age 37; measures: Value","Age: Age 38; measures: Value","Age: Age 39; measures: Value","Age: Age 40; measures: Value","Age: Age 41; measures: Value","Age: Age 42; measures: Value","Age: Age 43; measures: Value","Age: Age 44; measures: Value","Age: Age 45; measures: Value","Age: Age 46; measures: Value","Age: Age 47; measures: Value","Age: Age 48; measures: Value","Age: Age 49; measures: Value","Age: Age 50; measures: Value","Age: Age 51; measures: Value","Age: Age 52; measures: Value","Age: Age 53; measures: Value","Age: Age 54; measures: Value","Age: Age 55; measures: Value","Age: Age 56; measures: Value","Age: Age 57; measures: Value","Age: Age 58; measures: Value","Age: Age 59; measures: Value","Age: Age 60; measures: Value","Age: Age 61; measures: Value","Age: Age 62; measures: Value","Age: Age 63; measures: Value","Age: Age 64; measures: Value","Age: Age 65; measures: Value","Age: Age 66; measures: Value","Age: Age 67; measures: Value","Age: Age 68; measures: Value","Age: Age 69; measures: Value","Age: Age 70; measures: Value","Age: Age 71; measures: Value","Age: Age 72; measures: Value","Age: Age 73; measures: Value","Age: Age 74; measures: Value","Age: Age 75; measures: Value","Age: Age 76; measures: Value","Age: Age 77; measures: Value","Age: Age 78; measures: Value","Age: Age 79; measures: Value","Age: Age 80; measures: Value","Age: Age 81; measures: Value","Age: Age 82; measures: Value","Age: Age 83; measures: Value","Age: Age 84; measures: Value","Age: Age 85; measures: Value","Age: Age 86; measures: Value","Age: Age 87; measures: Value","Age: Age 88; measures: Value","Age: Age 89; measures: Value","Age: Age 90; measures: Value","Age: Age 91; measures: Value","Age: Age 92; measures: Value","Age: Age 93; measures: Value","Age: Age 94; measures: Value","Age: Age 95; measures: Value","Age: Age 96; measures: Value","Age: Age 97; measures: Value","Age: Age 98; measures: Value","Age: Age 99; measures: Value","Age: Age 100 and over; measures: Value"
"2011","Darlington","E06000005","Total",105564,1344,1371,1302,1297,1265,1289,1271,1230,1215,1069,1147,1236,1286,1292,1263,1330,1346,1375,1224,1133,1198,1101,1154,1307,1311,1323,1356,1316,1277,1335,1328,1338,1334,1205,1224,1231,1310,1371,1392,1543,1516,1536,1460,1464,1665,1630,1613,1615,1601,1535,1581,1424,1461,1457,1335,1318,1176,1337,1253,1224,1231,1267,1339,1422,1426,1173,1180,1038,930,884,901,929,961,875,846,770,766,729,669,592,598,575,516,470,487,441,389,318,289,303,206,148,104,91,69,50,34,26,32,22,28
"2011","County Durham","E06000047","Total",513242,5884,5645,5602,5826,5617,5366,5325,5127,4947,4894,5176,5421,5650,5827,5795,5882,5947,6160,6979,8299,8453,7688,6788,6352,5874,6367,6064,5968,6108,6121,6055,6136,5621,5149,5172,5518,5628,5888,6505,6959,7423,7151,7584,7587,7774,8016,8056,8030,7695,7740,7315,7076,7287,7133,6902,6753,6630,6495,6526,6546,6594,6864,6947,7434,7556,5953,6273,5680,5207,4761,4652,4696,4694,4564,4403,3979,3878,3503,3449,3041,3125,2771,2544,2186,2159,1975,1616,1430,1165,1135,954,709,461,331,262,215,187,144,87,76,80
"2011","Hartlepool","E06000001","Total",92028,1097,1176,1155,1159,1111,1150,1051,1001,991,999,1060,1131,1153,1098,1211,1257,1263,1307,1241,1210,1174,1096,1166,1243,1276,1156,1098,1159,1093,1116,1075,1081,996,939,942,977,949,1094,1125,1228,1270,1276,1274,1300,1343,1467,1436,1468,1433,1463,1367,1313,1309,1248,1227,1158,1095,1091,1138,1113,1087,1142,1173,1223,1212,936,936,800,796,768,727,772,845,792,802,738,692,645,677,575,568,498,428,365,382,358,289,229,221,226,163,127,63,51,34,29,15,16,15,6,14
"2011","Middlesbrough","E06000002","Total",138412,1979,1965,1797,1863,1827,1835,1703,1640,1553,1545,1652,1652,1643,1755,1783,1811,1850,1897,2114,2392,2495,2399,2352,2352,2092,2151,2035,1990,1842,1747,1879,1763,1668,1516,1469,1584,1566,1599,1614,1772,1834,1732,1756,1792,1870,1954,2076,1924,1960,1985,1914,1812,1842,1884,1781,1623,1646,1604,1546,1514,1452,1454,1459,1576,1590,1200,1204,1097,1103,1076,1030,1023,1058,1058,984,963,873,856,797,789,765,718,585,525,522,413,388,334,254,269,213,183,103,90,56,40,46,30,19,12,15
"2011","Northumberland","E06000057","Total",316028,3148,3150,3205,3325,3175,3336,3207,3320,3142,3340,3238,3541,3620,3591,3687,3841,3773,3858,3649,3343,3146,3093,3318,3440,3227,3405,3375,3095,3088,3224,3288,3471,3275,2997,3090,3196,3369,3483,3726,4133,4457,4137,4368,4527,4639,4826,5076,4988,4938,5014,4865,4880,4921,4839,4616,4486,4342,4541,4319,4484,4558,4637,4770,5364,5204,4068,4267,3958,3649,3120,3103,3167,3128,3001,2905,2664,2631,2396,2340,2218,2102,1861,1756,1519,1531,1301,1235,1050,870,777,729,517,377,231,242,183,140,72,62,53,81
"2011","Redcar and Cleveland","E06000003","Total",135177,1575,1478,1483,1481,1536,1560,1462,1340,1304,1432,1394,1584,1556,1546,1723,1712,1778,1830,1775,1740,1558,1539,1668,1672,1655,1664,1536,1499,1392,1537,1556,1482,1342,1317,1290,1360,1417,1437,1650,1790,1821,1812,1863,1890,2093,2119,1988,2134,2076,2081,1915,1922,1922,1889,1781,1709,1667,1732,1682,1668,1698,1816,1852,2067,2078,1660,1716,1543,1460,1397,1347,1389,1408,1300,1198,1169,1030,956,986,876,895,828,734,651,596,522,480,440,383,308,266,193,140,97,73,68,54,30,22,17,20
"2011","Stockton-on-Tees","E06000004","Total",191610,2477,2485,2482,2435,2443,2388,2204,2232,2085,2064,2141,2273,2319,2287,2437,2355,2445,2723,2686,2610,2551,2485,2476,2595,2544,2554,2643,2410,2495,2500,2491,2455,2307,2090,2102,2241,2251,2324,2440,2747,2793,2755,2759,2875,2905,2876,2918,2934,3017,2899,2789,2704,2657,2638,2611,2392,2345,2390,2272,2210,2216,2214,2303,2500,2415,1815,1959,1753,1616,1602,1443,1513,1606,1416,1379,1408,1216,1192,1168,1105,1158,931,814,711,665,594,544,515,392,384,307,211,136,125,73,62,48,30,27,19,14
"2011","Gateshead","E08000037","Total",200214,2530,2400,2395,2169,2375,2214,2093,2016,1936,2051,2023,2092,2161,2271,2333,2439,2342,2436,2501,2452,2264,2211,2429,2567,2633,2855,2752,2914,2871,2667,2870,2858,2610,2384,2388,2459,2393,2502,2551,2975,2849,2840,2864,2917,3006,3032,2979,3024,3038,2980,2859,2789,2746,2783,2613,2424,2411,2323,2292,2222,2284,2409,2513,2723,2667,2049,2178,1945,1789,1685,1743,1849,1861,1820,1689,1563,1526,1448,1416,1340,1315,1074,1000,860,870,805,678,490,485,439,350,292,192,118,110,84,63,49,27,17,26
"2011","Newcastle upon Tyne","E08000021","Total",280177,3539,3454,3204,3281,3044,3019,2792,2723,2700,2801,2833,2843,2771,2963,3078,2929,3100,3056,4977,8334,9403,8365,6971,6019,5254,5158,4696,4542,4350,4202,4091,3985,3590,3246,3141,3355,3330,3238,3267,3507,3563,3350,3477,3379,3453,3601,3587,3582,3584,3602,3372,3455,3356,3287,3159,3090,2885,2925,2779,2688,2671,2833,2765,2863,3001,2206,2274,2093,1949,1767,1726,1844,1950,1858,1713,1747,1629,1523,1480,1478,1419,1257,1226,1062,1036,910,780,662,663,563,513,384,248,167,168,138,84,78,39,36,49
"2011","North Tyneside","E08000022","Total",200801,2378,2356,2367,2353,2278,2346,2132,2099,2062,2014,2090,2135,2112,2282,2302,2407,2222,2409,2304,2117,2059,1989,2188,2290,2382,2409,2467,2384,2553,2598,2878,2960,2731,2335,2422,2515,2612,2596,2796,2986,2994,2964,2928,2881,3046,3059,3272,3256,3195,2984,2849,2841,2858,2909,2723,2547,2593,2638,2528,2467,2363,2545,2562,2780,2809,2161,2252,1923,1806,1562,1645,1730,1697,1740,1580,1518,1429,1432,1395,1350,1246,1161,1114,982,860,817,709,583,553,493,417,329,218,165,118,91,54,58,33,25,49
"2011","South Tyneside","E08000023","Total",148127,1647,1667,1630,1621,1617,1569,1468,1582,1459,1473,1454,1617,1629,1732,1801,1961,1825,1910,1916,1881,1882,1783,1877,1888,2017,1975,1802,1748,1694,1682,1851,1831,1702,1475,1484,1622,1563,1700,1784,1941,1982,2021,2147,2099,2234,2380,2376,2337,2341,2286,2274,2315,2300,2146,2108,1968,1940,1945,1903,1775,1807,1934,1896,2024,1976,1536,1582,1434,1341,1203,1260,1345,1335,1294,1304,1124,1151,1124,1041,1052,979,885,870,707,699,584,557,489,456,417,318,263,126,106,80,53,43,29,15,13,38
"2011","Sunderland","E08000024","Total",275506,3008,3055,3064,3124,3127,2969,2837,2793,2862,2672,2839,3000,3036,3140,3340,3326,3283,3470,3642,4066,4066,4044,3958,3999,3642,3588,3431,3300,3319,3307,3420,3412,3205,2957,2883,3043,3085,3306,3623,3983,4000,3812,3960,4076,4089,4061,4273,4223,4240,4147,4025,3923,4039,4096,3937,3660,3575,3486,3406,3450,3477,3398,3490,3833,3813,2805,2949,2622,2522,2300,2285,2470,2368,2477,2233,2123,2023,1989,1817,1807,1743,1488,1384,1139,1087,914,782,713,619,548,415,361,205,160,125,107,73,39,32,27,42
"2011","Blackburn with Darwen","E06000008","Total",147489,2169,2299,2236,2340,2234,2187,2116,2083,2066,2026,1969,2025,2075,2063,2190,2289,2106,2172,1865,1786,1785,1831,1951,2080,2071,2212,2065,2213,2280,2181,2174,2056,1908,1909,1860,1834,2018,1999,2103,2183,2145,2132,2185,2233,2123,1946,1995,1904,2036,2020,1963,1778,1775,1716,1702,1658,1609,1492,1642,1481,1478,1585,1576,1611,1634,1194,1240,1118,1159,978,910,948,1031,936,842,841,760,711,680,667,651,581,502,500,467,387,337,288,275,260,258,152,68,53,84,61,38,31,18,16,19
"2011","Blackpool","E06000009","Total",142065,1673,1677,1696,1593,1579,1613,1560,1479,1376,1408,1456,1549,1648,1620,1779,1660,1699,1788,1751,1750,1629,1665,1699,1780,1756,1787,1769,1703,1704,1617,1662,1667,1536,1428,1463,1467,1545,1756,1844,1997,1980,1998,2100,2158,2253,2189,2276,2233,2189,2138,2014,2015,1952,1848,1825,1868,1710,1641,1578,1618,1736,1697,1912,2062,2008,1629,1678,1547,1511,1364,1381,1395,1317,1262,1269,1169,1115,1009,982,963,866,870,794,707,673,607,533,446,422,423,346,273,166,126,109,79,70,47,33,18,40
"2011","Cheshire East","E06000049","Total",370127,3990,3801,4068,4114,4221,4071,3989,3997,3806,3881,4006,4248,4208,4411,4510,4432,4547,4702,4592,3806,3658,3580,3811,3866,3700,3857,3798,3794,3761,3810,3994,3998,3871,3792,3877,4214,4559,4655,5166,5535,5489,5469,5708,5934,5786,6011,6084,5917,5939,5880,5744,5307,5193,5045,4835,4677,4702,4675,4579,4642,4918,4864,5212,5791,5658,4274,4766,4434,4007,3593,3459,3465,3450,3308,3195,3094,2857,2609,2513,2412,2394,2241,2034,1865,1714,1541,1332,1307,1135,1032,932,648,415,280,308,233,178,138,84,43,82
"2011","Cheshire West and Chester","E06000050","Total",329608,3552,3541,3573,3752,3632,3697,3555,3490,3342,3359,3541,3541,3736,3909,4010,3905,3890,4014,4141,4155,3984,3962,4022,3845,3698,3895,3706,3743,3726,3726,3799,3794,3609,3431,3452,3840,3896,4185,4483,4892,4874,4782,5083,4904,5034,5243,5152,5168,5196,4939,4919,4559,4518,4518,4337,4215,3954,4168,4134,4102,4223,4239,4376,4963,4885,3694,3990,3680,3395,3073,3119,3162,2970,2919,2780,2626,2477,2260,2154,2166,2075,1839,1713,1633,1444,1329,1185,1005,874,822,735,580,325,239,252,158,148,101,69,46,63
"2011","Halton","E06000006","Total",125746,1722,1686,1634,1648,1664,1648,1542,1373,1397,1423,1447,1539,1556,1477,1558,1613,1621,1718,1636,1494,1565,1489,1555,1693,1722,1593,1672,1663,1570,1643,1651,1570,1574,1373,1498,1522,1601,1552,1711,1918,1869,1728,1772,1816,1849,1772,1902,1786,1934,1886,1810,1722,1753,1791,1692,1645,1617,1621,1625,1636,1675,1648,1665,1802,1718,1256,1188,1190,1115,1016,955,979,913,899,859,829,772,702,688,609,591,606,509,422,404,364,274,274,231,206,189,123,85,63,47,39,25,25,16,2,16
"2011","Warrington","E06000007","Total",202228,2459,2454,2514,2505,2377,2407,2320,2276,2299,2253,2315,2507,2484,2433,2557,2591,2566,2693,2417,2240,2278,2257,2476,2555,2522,2426,2503,2535,2455,2584,2501,2535,2444,2275,2430,2585,2613,2675,3101,3146,3124,3230,3188,3189,3291,3428,3346,3304,3344,3169,2950,2792,2788,2641,2398,2448,2390,2399,2315,2276,2246,2384,2433,2654,2724,2108,2174,1980,1932,1786,1701,1824,1696,1602,1395,1410,1296,1160,1145,996,1045,945,800,748,749,586,593,476,462,381,342,238,153,125,93,75,76,38,25,22,37
"2011","Cumbria","E10000006","Total",499858,4942,5074,5019,5102,5111,5150,4868,5033,4773,4933,5028,5241,5501,5711,5968,6045,6013,6363,5924,5501,5162,4866,5205,5302,5139,5292,5254,5265,5244,5234,5438,5212,4937,4863,4829,5043,5343,5763,6146,6676,7176,7153,7433,7491,7806,7647,7952,7808,7854,7522,7473,7397,7357,7173,6958,6607,6614,6701,6663,6649,6986,7228,7531,8166,8111,6309,6526,6262,5977,5366,5102,5262,5053,4985,4568,4280,4089,3750,3818,3607,3418,3206,2959,2595,2479,2238,1904,1712,1499,1392,1147,891,620,466,395,289,251,185,104,63,122
"2011","Bolton","E08000001","Total",276786,3790,3850,3734,3696,3695,3662,3343,3378,3208,3287,3316,3485,3560,3650,3782,3640,3658,3825,3461,3338,3442,3521,3625,3850,3633,3698,3738,3708,3475,3666,3641,3639,3385,3252,3278,3514,3481,3613,3865,4071,4254,4137,4240,4118,4232,4119,4098,4027,3931,3883,3754,3533,3482,3437,3359,3043,3098,3110,3131,2962,3032,3279,3243,3710,3581,2703,2809,2686,2603,2233,2208,2242,2230,2049,1790,1818,1696,1479,1469,1469,1351,1322,1096,948,1011,958,805,710,586,593,492,341,201,139,138,108,89,60,36,29,43
"2011","Bury","E08000002","Total",185060,2548,2388,2424,2491,2384,2339,2317,2219,2127,2106,2136,2223,2305,2314,2383,2421,2372,2455,2329,1968,1946,2039,2212,2171,2320,2314,2284,2303,2317,2404,2399,2361,2318,2167,2238,2194,2467,2326,2639,2688,2749,2786,2840,2806,2999,2841,2940,2921,2872,2780,2636,2546,2466,2402,2287,2080,1989,2214,2159,2139,2071,2255,2323,2540,2523,1868,1970,1906,1691,1533,1480,1583,1453,1405,1403,1312,1181,1123,1063,937,966,888,801,676,676,622,509,462,396,408,343,246,152,113,105,80,62,45,27,15,40
"2011","Manchester","E08000003","Total",503127,7660,7518,7211,7213,6811,6437,6047,5575,5361,5197,5244,5291,5343,5391,5516,5603,5222,5512,8277,13688,15987,14929,13369,11777,10936,11933,11573,11329,11046,10714,10338,9946,8982,8155,7583,7078,6947,6666,6635,6644,6615,6453,6622,6359,6417,5940,6010,5695,5550,5442,5163,4879,4591,4745,4549,4091,4077,3810,3943,3712,3729,3590,3518,3813,3586,2689,2835,2710,2563,2394,2437,2317,2268,2335,2219,2073,1942,1813,1793,1757,1554,1536,1432,1253,1251,1079,939,857,705,646,603,483,254,236,147,128,95,79,34,32,56
"2011","Oldham","E08000004","Total",224897,3231,3319,3226,3430,3285,3192,3119,3042,3012,3057,3007,3039,3052,3028,3211,3209,3004,3094,3076,2673,2761,2711,3039,3114,2961,3155,3024,3033,3059,2906,2998,3054,2731,2598,2639,2706,2725,2846,2995,3159,3356,3259,3318,3212,3349,3185,3332,3129,3019,3034,3080,2914,2755,2709,2670,2475,2425,2523,2430,2375,2321,2466,2523,2868,2697,2019,2168,2176,1914,1750,1674,1734,1680,1644,1521,1353,1318,1214,1096,1087,1053,935,866,794,749,693,569,541,514,443,431,301,164,114,109,92,87,53,47,16,34
"2011","Rochdale","E08000005","Total",211699,2977,2901,3012,3016,2848,2950,2639,2588,2492,2479,2714,2653,2780,2837,2941,2956,3024,2965,2924,2556,2725,2618,2835,2946,2881,2778,2784,2796,2948,2805,2883,2895,2602,2555,2432,2544,2645,2694,2887,3076,3155,3058,3153,3166,3169,3040,2999,2994,3047,2991,2819,2862,2693,2750,2586,2538,2435,2558,2484,2351,2312,2451,2451,2555,2685,1889,2017,1876,1788,1591,1547,1593,1525,1403,1413,1331,1278,1114,1115,1073,1082,990,844,759,781,667,610,506,431,418,338,266,119,109,82,79,55,50,39,13,25
"2011","Salford","E08000006","Total",233933,3549,3271,3201,3181,3053,2920,2712,2514,2439,2426,2492,2508,2642,2646,2681,2918,2706,2837,3068,3574,3794,3774,3894,4050,4025,4331,4280,4245,4148,3985,3956,3699,3471,3083,2949,3087,2968,2989,3072,3291,3240,3086,3379,3257,3274,3253,3269,3255,3232,3097,2939,2817,2870,2722,2687,2328,2289,2384,2348,2214,2313,2419,2369,2668,2589,1945,2027,1920,1951,1655,1595,1711,1669,1560,1510,1486,1338,1272,1135,1179,1166,1017,920,820,811,752,721,588,471,480,429,343,198,142,116,81,66,43,32,24,33
"2011","Stockport","E08000007","Total",283275,3443,3448,3463,3451,3537,3328,3292,3152,3102,2934,3201,3317,3269,3404,3568,3544,3493,3676,3241,2921,2931,2782,3104,3224,3143,3201,3126,3168,3166,3235,3478,3540,3413,3311,3382,3323,3530,3585,3900,4244,4266,4040,4323,4321,4413,4436,4668,4405,4416,4281,4116,4019,3958,3801,3776,3522,3409,3607,3376,3262,3428,3392,3541,3904,3998,2941,3106,2909,2836,2485,2433,2625,2460,2373,2347,2153,2179,1974,1921,1895,1813,1662,1496,1392,1277,1118,934,888,790,711,610,460,291,197,202,150,140,96,63,45,55
"2011","Tameside","E08000008","Total",219324,3022,3072,2801,2899,2645,2696,2562,2469,2363,2365,2458,2503,2651,2626,2791,2785,2798,2989,2790,2625,2613,2609,2735,2934,2853,2935,2869,2783,2826,2907,2952,2830,2740,2498,2568,2605,2738,2861,2873,3390,3305,3260,3339,3378,3545,3493,3542,3373,3352,3306,3279,2919,2888,2952,2683,2614,2381,2551,2569,2498,2495,2605,2683,3071,3013,2116,2333,2196,2108,1773,1778,1781,1671,1744,1544,1501,1340,1279,1205,1131,1159,983,870,763,746,704,640,525,489,464,367,311,163,119,125,74,68,48,31,19,33
"2011","Trafford","E08000009","Total",226578,2919,2966,2980,3073,2932,2912,2915,2704,2800,2701,2600,2887,2813,2884,2892,2846,2887,3020,2687,2086,2133,2134,2426,2632,2451,2713,2710,2767,2749,2825,2970,3053,3018,2952,3017,3005,3126,3259,3323,3717,3535,3523,3617,3569,3537,3640,3811,3742,3699,3331,3253,3066,3067,3103,2792,2707,2625,2520,2442,2428,2443,2523,2553,2687,2608,1986,2212,2055,1903,1603,1646,1798,1748,1727,1647,1620,1534,1408,1399,1279,1313,1281,1133,980,952,773,718,743,595,542,444,314,229,135,147,131,112,55,47,27,37
"2011","Wigan","E08000010","Total",317849,3886,4005,3982,3951,3857,3858,3747,3573,3403,3463,3545,3603,3653,3580,3889,4029,3857,4207,3924,3553,3668,3717,3950,3924,4051,4078,4088,4051,3998,3959,4016,3993,3770,3630,3621,3749,4077,4206,4452,4977,5135,5030,5146,5093,5217,5057,5229,4924,4805,4735,4463,4191,4203,4025,3896,3646,3607,3825,3622,3612,3757,4046,4188,4671,4537,3501,3738,3444,3492,3006,2687,2885,2699,2507,2360,2138,2131,1820,1756,1696,1552,1368,1259,1089,1121,945,864,700,590,583,483,369,219,151,146,103,99,51,37,26,34
"2011","Lancashire","E10000017","Total",1171339,13681,13786,13743,13787,13594,13445,12941,12594,12194,12391,13052,13078,13555,13824,14374,14344,14168,15018,15874,17478,17602,16216,15206,15136,14434,14154,14050,13737,13598,13280,13734,13692,12690,12196,12461,13178,13554,14155,15134,16238,16535,16570,17348,17105,17285,17200,17828,17326,17485,17017,16488,15818,15240,15582,14916,14324,13882,14342,14052,13857,14243,14728,15631,16921,17057,12942,13477,13033,12262,10857,10335,10600,10305,9938,9618,8929,8563,8067,7486,7276,7140,6572,5977,5370,4997,4456,4081,3641,3203,2999,2543,1804,1100,805,724,579,498,365,241,153,257
"2011","Knowsley","E08000011","Total",145893,1849,1811,1802,1834,1825,1840,1676,1591,1642,1563,1749,1724,1827,1854,2046,2035,2018,2102,2023,1945,2049,1964,1939,1896,1998,1911,1841,1879,1821,1777,1748,1772,1674,1438,1534,1560,1662,1672,1792,2008,2122,2015,2115,2073,2184,2125,2412,2342,2261,2360,2289,2255,2110,2244,2088,1884,1881,1794,1816,1609,1686,1592,1645,1645,1641,1284,1316,1278,1167,1119,1144,1181,1140,1169,1146,1184,1053,992,952,966,927,775,672,644,541,459,394,275,315,245,168,139,104,73,47,38,48,17,18,11,13
"2011","Liverpool","E08000012","Total",466415,5521,5237,5218,5124,4999,4733,4423,4434,4329,4335,4582,4728,4851,4891,5263,5432,5370,5441,7481,10848,12509,11548,9676,8745,8158,8642,8543,7638,7760,7383,7489,7327,6380,5993,5864,5378,5408,5414,5847,6022,6337,6135,6169,6024,6228,6111,6511,6303,6608,6489,6111,5945,5808,5819,5605,5330,5053,5194,5019,4768,4882,4714,4770,4997,5055,3742,3646,3715,3490,3092,3204,3416,3299,3249,3174,3136,2936,2678,2689,2528,2322,2080,2043,1708,1589,1308,1166,1115,930,788,634,542,302,218,191,179,122,82,54,34,65
"2011","Sefton","E08000014","Total",273790,3028,2893,2859,2916,2905,2817,2676,2808,2676,2791,2892,2975,3112,3254,3439,3314,3500,3479,3323,3026,3118,3158,3208,3268,3163,3076,3116,2933,2893,2897,2830,2851,2665,2485,2614,2595,2856,3055,3307,3576,3646,3640,3737,3766,3983,3961,4313,4357,4311,4218,4428,4069,3944,3959,3890,3664,3650,3680,3318,3478,3356,3446,3599,3969,4050,3066,3126,3127,3070,2669,2792,2689,2741,2821,2672,2510,2503,2403,2259,2204,2135,1932,1752,1599,1415,1261,1119,970,845,736,682,507,332,272,220,158,142,93,76,31,82
"2011","St. Helens","E08000013","Total",175308,2092,2100,2072,2028,1977,2002,1796,1886,1798,1789,1892,1983,2075,2061,2201,2184,2202,2264,2277,2032,2000,1996,2099,2272,2155,2137,2026,2071,2142,2125,2073,2035,1998,1790,1851,2007,2213,2210,2436,2593,2626,2538,2661,2567,2539,2640,2749,2648,2544,2593,2484,2373,2311,2322,2237,2236,2081,2252,2135,2177,2296,2251,2414,2635,2659,1957,2060,1976,1885,1718,1582,1636,1664,1636,1498,1407,1324,1193,1133,1072,1035,905,844,723,658,652,495,459,409,387,284,245,158,78,90,67,60,39,32,17,22
"2011","Wirral","E08000015","Total",319783,3667,3670,3665,3769,3743,3716,3544,3531,3403,3483,3581,3653,3872,3902,3997,4089,4172,4264,3824,3514,3432,3405,3691,3904,3637,3679,3632,3570,3511,3547,3596,3565,3436,3197,3318,3563,3540,3583,4109,4366,4442,4455,4534,4691,4597,4823,4902,4966,4846,4823,4723,4544,4474,4436,4218,4050,4045,4132,3961,4075,4064,4201,4229,4584,4662,3457,3732,3459,3380,3007,2983,3036,2902,2742,2621,2610,2464,2378,2275,2291,2109,2069,1916,1631,1570,1415,1178,1049,939,900,770,572,356,280,224,196,178,107,62,38,70
"2011","East Riding of Yorkshire","E06000011","Total",334179,3142,3261,3291,3349,3357,3387,3283,3320,3230,3410,3436,3685,3711,3890,3903,4191,3983,4246,4168,3808,3146,3016,3118,3344,3155,3078,3179,2920,2925,2971,3289,3213,3160,3110,3159,3449,3802,3859,4324,4599,4632,4812,4926,5042,4969,5147,5127,5295,5331,5156,5017,4779,4740,4874,4528,4582,4442,4521,4473,4394,4923,4935,5191,5868,6153,4449,4593,4281,4144,3601,3430,3694,3643,3476,3405,3120,2884,2813,2645,2489,2378,2101,1944,1771,1575,1492,1261,1197,1081,916,876,601,373,281,237,217,156,114,76,53,88
"2011","Kingston upon Hull, City of","E06000010","Total",256406,3599,3561,3504,3397,3297,3061,2848,2845,2598,2622,2563,2586,2797,2896,3102,3090,3086,3327,3537,4376,5433,4907,4663,4672,4365,4366,4088,4045,3874,3901,3827,3700,3413,3118,3245,3336,3345,3383,3532,3633,3571,3376,3511,3503,3615,3510,3679,3696,3489,3648,3428,3248,3149,3076,3048,2821,2741,2818,2707,2659,2564,2657,2708,2943,2972,2090,2098,1854,1948,1645,1682,1804,1766,1693,1721,1610,1513,1458,1458,1283,1320,1143,1079,1021,903,806,679,647,562,472,380,323,192,163,97,84,79,51,37,28,42
"2011","North East Lincolnshire","E06000012","Total",159616,2055,2046,2007,1924,1973,1954,1865,1727,1704,1716,1697,1819,1842,1882,2024,2004,2026,2093,2099,2049,2002,2028,2174,2283,2034,2191,1989,1975,1884,1948,1907,1823,1746,1605,1622,1739,1767,1937,1975,2351,2160,2244,2267,2300,2359,2380,2388,2383,2407,2415,2311,2184,2129,2093,1966,2015,1912,1909,1904,1881,1856,1953,1952,2145,2330,1645,1701,1601,1509,1359,1381,1458,1364,1359,1356,1181,1244,1165,1113,1009,982,910,783,751,675,576,563,489,431,410,339,252,165,113,116,86,74,39,24,22,42
"2011","North Lincolnshire","E06000013","Total",167446,1997,2099,2011,2123,2052,2024,1868,1890,1777,1818,1872,1878,1899,1922,1979,2132,2118,2099,2047,1759,1841,1785,1924,1980,1992,2095,2024,1977,1952,1921,1948,1986,1777,1713,1690,1869,1927,1953,2136,2295,2286,2455,2594,2517,2521,2575,2664,2580,2614,2429,2459,2410,2310,2281,2189,2237,2168,2172,2180,2165,2154,2243,2218,2386,2451,1779,2091,1815,1733,1599,1464,1524,1483,1435,1340,1261,1271,1125,1085,1029,1006,880,872,768,715,647,560,511,413,411,332,231,179,108,121,91,41,31,43,19,26
"2011","York","E06000014","Total",198051,2187,2178,2042,2133,2137,1950,1967,1830,1771,1830,1848,1838,1990,2001,2035,2039,2038,2141,3018,4861,5292,4477,3599,3418,2960,2887,2993,2766,2696,2817,2677,2692,2494,2352,2337,2274,2470,2422,2559,2785,2821,2712,2797,2719,2707,2732,2788,2860,2623,2694,2523,2443,2384,2397,2270,2123,2202,2123,2119,2082,2154,2174,2282,2480,2626,1951,1963,1842,1766,1600,1517,1593,1576,1580,1541,1475,1374,1303,1238,1199,1151,1071,995,923,900,785,675,595,616,529,476,348,209,135,143,110,72,62,36,25,41
"2011","North Yorkshire","E10000023","Total",598376,6043,6106,6237,6319,6335,6311,6115,6079,6233,6111,6363,6754,6790,7253,7250,7406,7256,7763,7268,6366,6060,5960,6316,6758,6300,6245,6025,5869,5745,6039,5982,5926,5726,5365,5636,6062,6296,6926,7346,8053,8408,8478,8699,8917,9094,9423,9613,9579,9410,9296,9097,8838,8568,8313,8173,8092,7936,8138,7720,7770,8087,8345,8698,9619,9873,7515,8181,7431,6993,6085,5749,6112,6036,5801,5431,5308,4873,4705,4360,4209,4066,3761,3540,3266,2988,2670,2419,2148,1895,1759,1614,1140,711,519,483,434,340,274,155,84,144
"2011","Barnsley","E08000016","Total",231221,2813,2821,2755,2808,2760,2721,2572,2505,2403,2361,2411,2546,2735,2806,2880,2989,2867,2937,2874,2723,2651,2514,2677,2865,2826,2791,2974,2902,2883,2896,2787,2811,2490,2371,2334,2599,2748,2816,3150,3407,3689,3454,3742,3613,3714,3603,3677,3562,3550,3451,3333,3262,3218,3230,3161,2934,2757,3040,2769,2830,2778,2876,2897,3164,3128,2556,2873,2547,2322,2048,2056,2032,1927,1958,1761,1714,1601,1544,1495,1354,1330,1203,1022,1069,918,842,748,641,569,479,410,292,183,131,120,72,60,46,38,24,25
"2011","Doncaster","E08000017","Total",302402,3875,3872,3899,3843,3731,3697,3475,3386,3207,3307,3205,3379,3489,3655,3679,3794,3869,4038,3715,3521,3826,3682,3832,4025,4052,4108,4161,4017,3945,4008,3936,3876,3455,3279,3279,3474,3478,3764,4017,4119,4375,4199,4324,4237,4446,4443,4555,4725,4444,4405,4279,4355,4043,4198,4053,3860,3628,3816,3471,3589,3598,3557,3741,4029,3922,3129,3301,2971,2784,2552,2465,2600,2490,2450,2367,2243,2155,1953,1940,1883,1755,1600,1537,1341,1253,1126,997,853,740,630,570,412,250,198,165,136,86,75,49,32,53
"2011","Rotherham","E08000018","Total",257280,3070,3143,3203,3231,3091,3041,2975,2907,2877,2845,2886,3102,3184,3129,3363,3215,3329,3468,3296,2909,2972,2967,3053,3191,3044,3080,3143,3063,3017,3119,3130,3005,2895,2667,2636,2851,2950,3117,3504,3677,3869,3803,3879,3914,3977,3935,3968,3935,3810,3742,3844,3547,3487,3645,3411,3214,3117,3172,3147,3013,3119,3198,3260,3550,3537,2846,3327,2645,2549,2319,2217,2350,2264,2278,1988,1943,1776,1714,1575,1529,1453,1270,1204,1032,1064,971,790,693,619,611,500,407,217,165,149,108,98,60,44,22,45
"2011","Sheffield","E08000019","Total",552698,6799,6942,6793,6862,6581,6552,6138,6135,5772,5740,5780,5996,6040,6186,6191,6177,6245,6382,9374,14131,14164,12907,10777,9637,8649,8322,7997,7717,7405,7364,7662,7763,7079,6722,6710,6477,6622,6881,7294,7604,7989,7820,8012,7861,7771,7555,7352,7148,7309,7133,6880,6693,6374,6353,5916,5804,5502,5497,5443,5332,5264,5304,5640,6242,6237,4872,5483,5019,4575,4165,4021,4264,4235,4160,3894,3695,3663,3360,3061,3021,2870,2744,2466,2199,2158,1810,1706,1477,1304,1303,1126,852,558,419,383,228,204,143,94,63,103
"2011","Bradford","E08000032","Total",522452,8219,8326,8299,8248,8075,8121,7487,7295,7361,7218,7001,7439,7402,7160,7266,7414,7064,7184,6893,6813,6851,6874,7221,7528,7205,7748,7701,7855,7722,7784,7794,7912,7463,6945,6707,6911,6931,7121,7147,7594,7427,7354,7057,6983,7093,6844,6911,6843,6799,6609,6606,6449,6191,6269,5978,5820,5572,5587,5462,5147,5212,5149,5218,5681,5500,3788,4070,3915,3598,3199,3320,3503,3354,3386,3355,3006,3019,2806,2602,2484,2457,2289,2030,1818,1789,1595,1406,1330,1136,1026,867,582,368,271,269,213,166,132,68,66,109
"2011","Calderdale","E08000033","Total",203826,2617,2579,2606,2581,2523,2547,2432,2424,2279,2300,2328,2534,2556,2577,2568,2730,2521,2642,2578,2158,2128,2178,2262,2446,2407,2304,2515,2444,2413,2413,2533,2640,2521,2262,2419,2489,2441,2710,2893,3071,3268,3194,3203,3132,3162,3202,3237,3266,3171,3010,2943,2823,2822,2826,2781,2615,2463,2589,2381,2353,2555,2599,2570,2848,2772,2080,2203,2049,1904,1612,1555,1640,1553,1502,1495,1316,1250,1187,1121,1082,1064,999,892,825,849,717,605,544,511,454,385,323,181,156,128,77,76,46,38,24,29
"2011","Kirklees","E08000034","Total",422458,5694,5782,5630,5633,5592,5478,5255,5243,5028,5023,5014,5145,5331,5277,5410,5614,5185,5484,5496,5768,6027,5829,5631,5807,5532,5455,5429,5526,5509,5556,5660,5584,5550,5038,5122,5111,5345,5569,5905,6355,6490,6291,6453,6249,6171,6273,6183,6063,5999,5742,5597,5445,5406,5325,5153,4854,4708,4791,4844,4804,4795,4948,5095,5580,5427,4072,4268,3939,3803,3241,3146,3127,3185,3208,3046,2789,2613,2419,2239,2031,2128,1997,1832,1584,1460,1293,1205,1022,905,891,751,547,325,265,225,163,156,95,68,44,68
"2011","Leeds","E08000035","Total",751485,9942,9981,9691,9218,9012,8966,8276,7935,7814,7590,7608,7877,8137,8224,8321,8901,8392,8786,11225,15531,17165,15633,13916,12751,12409,12310,12165,11905,11626,11854,11707,11415,10600,9869,9865,9931,9637,9712,10253,10488,10904,10250,10423,10206,10502,10337,10503,10037,9987,9578,9330,8783,8813,8692,8432,7773,7561,7867,7537,7556,7524,7769,7843,8577,8465,6257,6593,6112,6093,5165,5063,5358,5313,5289,5212,5001,4760,4233,4184,4051,3874,3505,3301,2884,2768,2421,2178,1932,1600,1469,1381,1027,594,464,390,327,254,190,142,102,111
"2011","Wakefield","E08000036","Total",325837,3898,4041,3886,3994,3726,3767,3503,3661,3310,3402,3517,3745,3757,3741,4014,4078,4067,4307,3999,3568,3641,3756,3918,4167,4084,4302,4094,4093,4168,4116,4055,4044,3632,3421,3445,3838,3978,4029,4545,4934,5014,4946,5083,5104,5243,5236,5063,5031,5017,4810,4742,4601,4608,4520,4162,4134,4036,4140,3870,3873,3854,4128,4193,4532,4514,3591,3808,3483,3258,2762,2736,2821,2747,2645,2491,2337,2207,2197,2052,1818,1763,1657,1405,1402,1300,1173,1008,886,762,675,631,417,278,219,149,143,106,65,63,39,48
"2011","Derby","E06000015","Total",248752,3476,3700,3565,3585,3417,3198,3062,3069,2806,2848,2875,2996,2971,2963,3052,3093,3092,3158,3471,3914,4294,4192,3986,3921,3676,3725,3688,3631,3600,3567,3591,3501,3319,3069,3083,3241,3241,3347,3365,3529,3567,3495,3673,3606,3671,3607,3633,3622,3411,3347,3150,2933,2939,2850,2740,2577,2356,2596,2451,2396,2337,2437,2475,2738,2599,2080,2359,2118,1874,1738,1714,1863,1724,1785,1629,1640,1599,1474,1446,1409,1395,1268,1238,1110,961,870,752,713,640,589,488,334,197,159,131,127,81,54,36,23,51
"2011","Leicester","E06000016","Total",329839,5091,4847,4890,4872,4597,4515,4337,4073,3915,3940,3914,3934,4016,4038,4260,4040,4220,4388,4933,6909,8314,7787,6806,6426,6073,6148,6013,6134,5670,5606,5616,5507,5094,4536,4519,4544,4442,4214,4284,4471,4353,4141,4263,4092,4091,4108,4107,3959,4079,3987,4114,3943,3755,3650,3491,3478,3330,3332,3229,3132,2915,2900,2765,2832,2644,2130,2047,2084,2027,1689,1754,1847,1803,1736,1771,1612,1472,1456,1426,1355,1270,1194,1154,1075,922,947,787,660,672,539,496,361,206,131,152,127,105,85,42,29,53
"2011","Nottingham","E06000018","Total",305680,4085,4202,4008,3930,3734,3721,3276,3197,3081,3154,3056,3039,3223,3285,3257,3328,3294,3524,6030,10883,12125,10527,8005,6460,5649,5678,5317,5201,5089,4947,4936,4938,4446,4133,3980,3836,3874,3802,3972,3957,4022,3948,4039,3867,3769,3840,3750,3707,3624,3581,3415,3237,3163,3099,2858,2764,2855,2734,2585,2466,2495,2533,2427,2585,2586,1918,2005,1945,1812,1633,1677,1630,1670,1666,1564,1531,1471,1422,1388,1369,1317,1224,1075,1057,1023,906,759,710,637,517,502,317,195,134,142,96,81,59,40,18,42
"2011","Rutland","E06000017","Total",37369,339,376,345,369,425,369,410,350,346,375,411,414,415,507,605,630,687,747,534,297,307,324,386,359,364,399,384,334,399,391,383,380,385,361,346,399,407,403,455,481,507,533,511,556,579,544,504,554,525,515,558,512,539,460,448,473,441,490,455,503,500,519,500,575,621,461,541,458,488,383,413,384,372,375,343,325,328,289,239,255,247,241,235,186,185,163,174,128,132,122,81,77,52,39,27,32,22,18,9,14,11
"2011","Derbyshire","E10000007","Total",769686,8170,8307,8271,8590,8207,8573,8133,7922,7915,7906,8196,8822,9216,9276,9447,9835,9976,9904,9335,8115,8094,7826,8265,8469,8304,8217,8268,8150,8036,8336,8725,8543,8153,7789,8026,8560,9049,9630,10609,11441,11840,11736,12151,12342,12467,12706,12601,12272,12185,11716,11363,10802,10818,10710,10284,9955,9784,10063,9797,9827,9996,10480,10694,11730,11870,9128,9934,9387,8528,7278,6901,7004,6988,6531,6110,5849,5594,5219,5179,4907,4696,4200,3824,3619,3388,2984,2791,2346,2142,2013,1722,1292,827,633,523,388,342,233,158,100,133
"2011","Leicestershire","E10000018","Total",650489,7220,6989,7141,7412,7392,7201,6953,7215,6808,6869,7244,7516,7739,7727,7874,8081,8411,8292,8979,9536,9326,8748,8074,7767,7010,7050,6964,6970,6894,7172,7317,7341,7003,6721,6758,7305,7762,8130,8957,9366,9879,9645,10170,9999,10228,10231,10430,10144,10118,9947,9569,8982,8810,8661,8224,8093,7815,8236,8312,7971,8200,8523,8781,9429,9421,7249,7940,7371,6638,5578,5346,5718,5528,5371,5052,4863,4546,4232,4222,3989,3957,3614,3294,2978,2741,2515,2277,1959,1822,1609,1474,991,611,433,443,299,258,186,133,83,117
"2011","Lincolnshire","E10000019","Total",713653,7526,7528,7571,7440,7286,7331,6857,7034,6857,7007,7501,7917,8272,8348,8432,8971,8597,8811,8777,8768,8882,8450,8115,8178,7931,7863,7925,7740,7588,7817,7871,7628,7351,6920,7054,7063,7709,7946,8996,9662,9857,9793,10166,10025,10449,10731,10933,10693,10759,10328,10247,9665,9646,9543,9316,8844,9071,9153,9076,9206,9393,9920,10157,11455,11856,9332,9791,9313,8648,7735,7244,7503,7330,6878,6499,6284,5835,5485,5261,5022,5050,4574,4141,3692,3423,3110,2654,2482,2205,2016,1691,1309,783,621,558,398,335,234,156,91,168
"2011","Northamptonshire","E10000021","Total",691952,9200,9105,9403,9208,9096,8759,8105,8415,7956,7959,8233,8329,8229,8511,8728,8635,8848,8885,8459,7673,7543,7676,8089,8243,8143,8599,8644,8548,9020,8808,9254,9295,8857,8295,8330,8937,9386,9728,10080,10660,10616,10446,10862,10900,10977,11053,11069,10858,10383,10239,9745,9286,9079,8926,8445,8106,8121,8314,8079,8137,8151,8546,8592,9610,9505,7155,7468,6914,6341,5455,5092,5105,5143,4795,4661,4318,3962,3840,3639,3643,3336,3084,2932,2628,2553,2294,2036,1833,1608,1481,1350,952,575,428,411,313,200,152,124,95,120
"2011","Nottinghamshire","E10000024","Total",785802,9167,8963,8974,9127,9028,8727,8470,8262,8200,8088,8484,8921,9317,9265,9763,9566,9851,10130,9562,8745,8842,8770,8879,9155,8916,8794,8867,8681,8871,8838,9334,9183,8798,8384,8750,9085,9368,10016,10710,11433,11828,11484,12237,12134,12369,12395,12654,12681,12250,11852,11686,11341,10942,10631,10150,9888,9850,9969,9819,9802,9695,10242,10386,11465,11321,8939,9732,8990,8357,7169,6842,7126,6988,6704,6374,5904,5698,5404,5180,4945,4667,4269,3994,3659,3353,3047,2815,2426,2122,1858,1628,1172,774,550,471,361,308,230,150,101,140
"2011","Herefordshire, County of","E06000019","Total",183477,2020,1879,1890,1900,1891,1813,1850,1887,1765,1865,1883,2071,2165,2266,2109,2261,2242,2277,2085,1819,1865,1818,1905,1961,1882,2043,1889,1897,1885,1967,2065,2066,1896,1804,1775,1814,1960,1978,2213,2446,2398,2437,2615,2622,2760,2866,2861,2697,2791,2805,2582,2484,2537,2616,2458,2480,2433,2528,2451,2369,2478,2584,2706,2892,2944,2359,2541,2446,2158,1914,1834,1938,1857,1697,1752,1634,1558,1567,1411,1389,1261,1240,1139,1044,953,892,783,688,608,564,462,380,239,186,142,102,102,66,42,20,48
"2011","Shropshire","E06000051","Total",306129,3097,3144,3083,3231,3143,3165,3073,3154,3180,3060,3262,3449,3567,3754,3883,3905,4039,4074,3823,3110,3287,3273,3381,3348,3330,3326,3097,3097,3065,3034,3245,3156,3060,2960,2984,3081,3244,3486,3754,4225,4242,4293,4436,4495,4697,4707,4730,4772,4662,4703,4508,4278,4109,4149,3960,4000,3952,4134,4009,4065,4044,4154,4468,4871,4763,3905,4227,3997,3698,3232,3136,3231,2999,2941,2846,2575,2433,2281,2269,2151,2134,1970,1795,1556,1516,1324,1206,1146,993,902,726,562,391,247,255,192,158,116,66,48,75
"2011","Stoke-on-Trent","E06000021","Total",249008,3557,3408,3471,3477,3179,3142,2988,2805,2735,2519,2703,2880,2812,2922,2943,2825,3104,3129,3338,3639,4074,3904,3738,3729,3644,3655,3650,3657,3656,3538,3586,3393,3116,2893,2841,3036,3072,3210,3303,3492,3614,3632,3624,3478,3462,3551,3575,3344,3382,3501,3256,3106,3099,3022,3051,2845,2875,2899,2763,2627,2655,2880,2968,3095,3123,2361,2521,2382,2395,1957,1983,1944,1848,1815,1778,1624,1571,1454,1401,1430,1333,1225,1138,1026,917,856,737,635,556,512,420,331,171,124,116,68,64,44,30,17,34
"2011","Telford and Wrekin","E06000020","Total",166641,2280,2297,2277,2226,2264,2155,2040,1990,1893,1929,1955,2136,2052,2200,2251,2256,2289,2386,2342,2223,2201,2126,2358,2156,2022,2181,2192,2170,2263,2082,2136,2200,2099,1884,2015,1990,2095,2241,2273,2546,2596,2545,2548,2629,2532,2628,2580,2651,2411,2383,2276,2173,2147,2026,1880,1975,2048,1963,1916,1964,1856,2006,2047,2020,2081,1626,1763,1645,1525,1375,1298,1265,1248,1144,1039,1013,944,886,826,770,731,675,630,538,468,471,363,376,297,264,229,175,130,88,81,71,50,26,17,20,22
"2011","Staffordshire","E10000028","Total",848489,8971,9006,9421,9352,9339,9234,9110,9057,8532,8912,9043,9448,9858,10087,10445,10251,10630,10880,10541,10481,10752,10215,10281,10192,9500,9673,9490,9314,9245,9278,9719,9665,9072,8538,8939,9335,10018,10678,11426,12434,12782,12552,13200,12862,13431,13259,13413,13164,12932,12855,12373,11578,11492,11372,11184,10721,10630,11051,10639,10558,10707,11446,11643,12793,12636,9959,10880,10249,9759,8440,7954,8057,7815,7534,7142,6511,6174,5685,5597,5312,5110,4472,4117,3705,3595,3119,2778,2488,2163,1948,1798,1279,792,571,487,385,309,253,157,115,145
"2011","Warwickshire","E10000031","Total",545474,6399,6121,6267,6310,6267,6033,5955,5763,5755,5674,5944,6180,6133,6388,6622,6588,6742,6772,6098,6285,7045,6812,6346,6408,6123,6607,6392,6330,6486,6462,6622,6659,6507,6058,6192,6570,6802,7123,7564,8005,7937,8069,8203,8288,8319,8641,8590,8395,8224,8154,7750,7412,7359,7114,6931,6666,6542,6809,6597,6677,6617,6940,7068,7702,7790,6393,6837,6478,5954,4992,4739,4766,4713,4617,4337,4084,3852,3535,3407,3379,3400,2979,2745,2456,2451,2083,1859,1757,1524,1440,1266,893,558,422,417,281,213,143,121,65,115
"2011","Birmingham","E08000025","Total",1073045,16390,16559,16710,16419,15823,16016,15071,14865,14238,14170,14389,14485,14783,14841,15161,14762,14626,14827,16432,19631,20660,19281,18347,17896,17730,17286,17389,17133,17121,16672,17336,16639,15723,14652,14819,14149,14157,13944,14395,14760,14661,14545,14426,14314,14138,14012,13853,13542,13595,13107,12335,11795,11595,11309,10664,10355,10272,10143,10097,9352,9084,9194,9182,9470,9505,7425,8109,7842,7530,6637,6329,6711,6651,6454,6414,6174,5708,5320,5497,5203,5025,4527,4130,3841,3618,3134,2773,2538,2202,2009,1792,1258,810,667,508,383,328,244,160,96,166
"2011","Coventry","E08000026","Total",316960,4739,4587,4504,4329,4317,3887,3742,3730,3570,3473,3409,3591,3496,3603,3732,4145,3688,3883,5242,7284,7128,6623,5934,5627,5298,5332,5083,4823,4908,4702,4712,4671,4158,4066,3935,4015,4124,4119,4139,4258,4242,4350,4265,4291,4229,4132,4064,4047,4066,3877,3860,3579,3604,3459,3305,3180,3154,3132,3056,2856,2992,2977,3030,3155,3202,2755,2840,2817,2568,2228,2211,2268,2206,2066,2056,2003,1799,1739,1628,1581,1524,1487,1385,1222,1175,1065,967,853,775,744,651,480,312,218,167,150,108,64,56,33,49
"2011","Dudley","E08000027","Total",312925,3747,3859,3746,3829,3686,3818,3642,3511,3479,3484,3594,3537,3646,3880,3882,4164,4093,4133,3927,3546,3502,3458,3549,3814,3818,3888,3744,3705,3780,3830,3883,3822,3663,3237,3419,3516,3684,3826,4141,4631,4751,4721,4825,4721,4830,4644,4896,4589,4616,4503,4160,3932,3854,3875,3762,3689,3614,3735,3728,3623,3687,3761,3820,4107,4172,3427,3685,3700,3425,3018,2809,2952,2957,2807,2722,2574,2409,2147,2162,2087,2120,1825,1674,1467,1332,1180,1026,936,792,739,639,464,290,225,181,125,102,82,50,28,39
"2011","Sandwell","E08000028","Total",308063,4458,4666,4688,4626,4231,4498,4074,3957,3837,3828,3714,3756,3893,3903,4067,4038,4052,4090,4092,3948,3971,4006,4075,4292,4449,4591,4616,4589,4676,4613,4667,4454,4250,3953,3911,4056,4093,4216,4296,4507,4498,4484,4535,4429,4465,4442,4456,4294,4131,4075,3923,3525,3653,3482,3408,3185,3251,3133,2968,2958,2945,3013,3062,3134,3076,2521,2738,2833,2729,2318,2304,2343,2331,2233,2170,2064,1925,1746,1773,1678,1678,1514,1356,1234,1168,1037,946,786,641,686,608,462,248,195,183,136,93,63,39,22,40
"2011","Solihull","E08000029","Total",206674,2275,2221,2315,2340,2404,2433,2324,2342,2313,2299,2372,2545,2687,2711,2796,2804,2868,2968,2571,2195,2183,2148,2256,2446,2332,2242,2138,2057,2171,2056,2245,2220,2165,1982,2071,2203,2215,2476,2598,2888,3007,2984,3225,3054,3085,3394,3341,3222,3223,3354,3035,2990,2901,2734,2598,2405,2430,2537,2468,2386,2512,2582,2790,2875,3071,2377,2621,2433,2217,1882,1713,1862,1826,1790,1742,1618,1561,1484,1422,1444,1418,1276,1255,1103,1051,996,800,716,611,498,514,412,251,170,161,100,98,63,35,28,48
"2011","Walsall","E08000030","Total",269323,3749,3626,3703,3656,3639,3592,3409,3400,3299,3271,3324,3327,3523,3535,3557,3590,3557,3680,3509,3331,3405,3422,3464,3647,3566,3634,3663,3473,3490,3430,3523,3462,3176,2881,3142,3104,3108,3371,3423,3900,3996,3839,3900,3924,3844,3818,3842,3798,3721,3908,3591,3241,3306,3206,3120,3013,2890,2978,2924,2867,2851,2951,3036,3120,3263,2555,2772,2779,2656,2465,2282,2320,2359,2315,2163,2093,1873,1742,1719,1767,1648,1467,1291,1141,1011,967,809,729,634,567,508,366,186,152,132,103,89,57,24,30,44
"2011","Wolverhampton","E08000031","Total",249470,3543,3449,3226,3307,3162,3055,3031,2885,2727,2744,2751,2931,3041,3117,3255,3199,3234,3471,3352,3472,3615,3502,3656,3660,3555,3690,3612,3637,3597,3411,3549,3490,3268,3045,3084,3044,3228,3331,3446,3695,3846,3608,3598,3625,3542,3614,3520,3393,3475,3368,3186,3010,2967,2911,2875,2664,2631,2710,2616,2634,2614,2562,2539,2730,2536,2179,2185,2370,2171,1948,1951,2034,1968,1900,1859,1737,1752,1560,1582,1515,1456,1419,1276,1152,1019,977,859,727,630,575,488,357,233,186,171,112,102,70,39,27,43
"2011","Worcestershire","E10000034","Total",566169,6322,5956,6207,6327,6294,6207,6125,5980,5790,5911,6007,6352,6469,6769,6916,7035,6994,7293,6850,6302,6178,6223,6163,6251,6103,6237,6108,6228,6181,6129,6552,6378,6172,5914,5861,6297,6672,7062,7613,7989,8162,8237,8424,8519,8810,8651,8715,8635,8611,8259,7884,7730,7606,7647,7222,7251,7174,7599,7474,7367,7433,7792,8185,8681,8597,6877,7379,6998,6279,5548,5107,5358,5207,5056,4812,4525,4167,4000,3784,3834,3657,3255,2972,2836,2551,2395,2116,1907,1740,1602,1383,1000,635,489,454,347,279,198,126,81,133
"2011","Bedford","E06000055","Total",157479,2024,2106,2064,1975,1930,1988,1813,1941,1818,1816,1894,1871,2006,2073,2111,2178,2045,2222,2067,1938,2015,1894,1870,1994,1867,2016,1942,2008,1995,2173,2222,2172,2034,1967,1999,1986,2096,2129,2125,2265,2326,2240,2378,2441,2458,2309,2356,2418,2392,2218,2126,2126,2083,2025,1846,1902,1818,1787,1700,1710,1732,1851,1779,2010,1931,1461,1533,1548,1350,1153,1127,1153,1192,1154,1090,1035,1047,1011,921,886,867,848,725,696,644,571,551,434,407,334,291,247,135,127,98,65,58,36,28,19,26
"2011","Central Bedfordshire","E06000056","Total",254381,3179,3200,3196,3248,3186,3191,2983,2988,2895,2910,2995,3047,3047,3180,3211,3323,3302,3269,2949,2492,2434,2454,2766,3066,2878,2764,2908,2742,2975,3095,3151,3191,3226,2936,3117,3172,3510,3482,3765,3924,4003,3888,4038,4039,4155,4319,4357,4185,4181,4034,3901,3673,3695,3498,3383,3120,3236,3061,3033,3054,3066,3108,3121,3516,3481,2593,2715,2723,2398,2006,1897,1970,1938,1893,1812,1829,1661,1491,1389,1455,1279,1187,1114,952,875,795,708,636,542,494,462,328,188,128,133,103,62,42,39,33,19
"2011","Luton","E06000032","Total",203201,3391,3332,3283,3459,3127,3104,2899,2806,2770,2642,2598,2567,2660,2662,2724,2732,2629,2796,2653,2751,3055,3091,3204,3604,3667,3890,3795,3707,3742,3678,3479,3471,3244,2878,2992,2842,2889,2754,2691,2890,2749,2797,2730,2806,2714,2776,2756,2748,2712,2546,2380,2353,2274,2099,2119,2003,1924,1808,1798,1734,1631,1733,1648,1652,1682,1375,1440,1303,1292,1132,1214,1215,1209,1252,1212,1200,1075,1008,862,887,841,756,695,604,512,475,399,382,306,315,244,174,118,101,79,47,58,31,26,14,28
"2011","Peterborough","E06000031","Total",183631,2905,2822,2827,2712,2638,2449,2367,2272,2169,2167,2266,2252,2284,2255,2292,2459,2365,2376,2360,1938,2157,2313,2508,2742,2782,3018,3058,2993,2997,2980,3077,2944,2797,2659,2635,2490,2542,2469,2702,2711,2616,2681,2630,2677,2685,2607,2604,2563,2484,2419,2370,2252,2229,2107,2056,2034,1907,1963,1887,1851,1807,1827,1827,1883,2038,1516,1484,1447,1312,1150,1140,1225,1205,1084,1138,1085,1040,947,1026,928,856,865,779,713,590,597,488,453,380,340,299,229,147,109,81,77,51,38,27,11,21
"2011","Southend-on-Sea","E06000033","Total",173658,2212,2233,2314,2195,2259,2007,1930,1846,1830,1885,1929,1952,2090,2069,2154,2132,2107,2215,2007,1723,1775,1831,1963,2088,2175,2247,2248,2154,2233,2400,2380,2559,2356,2180,2148,2202,2348,2418,2618,2637,2636,2538,2633,2658,2618,2570,2665,2609,2486,2425,2364,2327,2179,2107,1910,1953,1909,1920,1990,1895,1795,1967,2050,2326,2281,1806,1953,1681,1616,1412,1242,1411,1426,1337,1300,1235,1173,1116,1149,1106,1066,1002,935,920,846,726,744,650,559,544,450,392,212,173,171,115,108,75,61,34,52
"2011","Thurrock","E06000034","Total",157705,2456,2334,2449,2481,2285,2249,2094,2085,1923,1880,1866,1948,2052,2003,2080,2113,1987,2130,1940,1683,1834,1860,1880,2104,2126,2166,2251,2201,2159,2385,2454,2384,2399,2295,2276,2430,2444,2340,2477,2509,2518,2445,2584,2476,2535,2548,2421,2292,2120,2154,2059,1914,1934,1760,1786,1666,1701,1712,1684,1624,1635,1664,1690,1879,1871,1268,1315,1239,1167,1007,942,1028,951,915,906,835,777,717,729,726,665,586,577,518,527,479,414,352,340,259,210,186,80,84,72,45,37,24,14,14,16
"2011","Cambridgeshire","E10000003","Total",621210,7471,7381,7464,7291,7221,6987,6726,6803,6551,6628,6672,6768,7137,7184,7049,7408,7365,7574,8125,8980,9342,8952,8784,8728,8388,8494,8302,8206,8282,8437,8788,8765,8457,7848,8060,8047,8303,8516,8663,9161,9355,9042,9197,9311,9414,9425,9554,9145,9122,8695,8466,7975,7914,7833,7346,7277,7221,7120,6991,7054,7079,7252,7497,8062,8326,6359,6741,6017,5831,5036,4647,4778,4735,4643,4353,4088,3980,3665,3560,3409,3364,3122,2919,2735,2374,2305,1975,1762,1595,1409,1325,985,611,436,443,323,250,174,103,70,107
"2011","Essex","E10000012","Total",1393587,16116,16551,16384,16503,16242,16166,15625,15504,15169,15127,15719,16321,16716,17103,17142,17478,17676,18235,16871,15521,15507,15263,16145,16375,15757,15659,15627,15466,15216,16039,16707,16454,16057,15548,16041,16367,17601,17832,18764,19830,20465,20358,20934,21213,21689,21491,21541,21113,20953,20496,19784,18702,18638,18333,17717,17026,16920,16744,16741,16376,16566,17209,18174,20805,21742,15597,16531,15266,14533,12180,11557,12335,12183,11767,11374,10848,10349,9616,9418,9209,8856,8222,7401,6752,6255,5743,5003,4573,4101,3551,3287,2647,1500,1093,996,832,645,436,307,187,283
"2011","Hertfordshire","E10000015","Total",1116062,15134,14930,14822,14731,14449,13881,13342,13489,12568,13076,13254,13564,13909,13899,14198,14278,14561,14746,13850,11626,11954,12219,13454,13874,13738,13538,13537,13829,14132,14769,15135,15458,14905,14621,14687,15225,15722,15900,16489,16994,17328,16670,17541,17373,17715,18229,17845,17575,17285,16755,16126,15186,15048,14372,13826,13192,12837,12576,12036,11666,11573,12025,12016,13177,13688,10081,10644,9983,9528,7749,7574,8184,8143,7816,7888,7448,7300,6816,6778,6476,6262,5756,5264,4758,4390,4129,3663,3344,2802,2582,2361,1769,1020,770,719,589,419,319,230,142,219
"2011","Norfolk","E10000020","Total",857888,9550,9223,9356,9215,9187,8583,8302,8432,8199,8141,8767,8900,9394,9570,9745,10421,9918,10204,10203,9868,10417,10377,10435,10619,10136,10255,9916,9808,9547,9982,9661,9574,9006,8716,8784,8937,9321,10126,10442,11225,11609,11407,11825,11785,11871,12127,12581,12141,11866,11850,11482,11049,10916,10704,10633,10398,10561,10717,10636,10749,11021,11648,12274,13761,14584,10953,11755,10883,10452,8995,8673,8785,8768,8689,8173,7822,7467,6952,6933,6668,6455,5907,5475,5040,4572,4221,3659,3400,3052,2736,2417,1841,1049,783,724,621,442,310,205,150,204
"2011","Suffolk","E10000029","Total",728163,8571,8332,8561,8462,8300,8240,7981,8020,7598,7657,7774,8392,8438,8772,8928,8876,9278,9076,8395,7283,7252,7652,8307,8778,8524,8560,8590,8491,8244,8797,8792,8570,8050,7662,7840,7962,8481,8897,9191,9798,10119,10163,10429,10281,10728,10834,10731,10731,10257,10085,9893,9474,9440,9527,9050,8756,8711,9120,8771,9046,9170,9637,9948,11224,11627,8792,9231,8539,8056,7202,6583,6929,6857,6733,6319,6126,5856,5390,5276,4982,5055,4514,4357,3899,3615,3198,2948,2622,2426,2180,1992,1546,913,628,639,461,373,319,179,119,185
"2011","Camden","E09000007","Total",220338,2889,2761,2599,2551,2368,2263,2247,2271,2035,2082,2097,1963,1826,1853,1855,1805,1763,1777,2842,4336,4539,4171,4328,4478,4347,4863,5083,5128,5347,5502,5519,5382,4888,4436,4202,4207,3978,3791,3730,3463,3440,3229,3306,3045,2957,2839,2783,2712,2515,2395,2449,2213,2215,2150,1931,2019,1864,1875,1832,1772,1766,1817,1913,1896,1863,1592,1661,1481,1373,1199,1145,1179,1228,1039,1040,990,968,850,841,793,866,756,692,584,557,492,491,396,356,313,270,224,133,84,93,78,70,52,40,22,29
"2011","City of London","E09000001","Total",7375,70,52,41,34,39,32,47,38,40,25,39,28,35,41,26,33,31,41,51,41,70,60,123,143,149,170,189,193,220,184,182,182,153,153,150,122,136,104,118,118,141,101,136,151,98,126,133,115,116,110,97,88,94,108,84,90,106,93,93,94,88,92,87,115,81,73,74,60,73,49,54,54,62,46,42,50,34,26,38,37,28,25,31,38,24,28,16,13,7,11,16,3,6,3,3,3,2,3,2,1,0
"2011","Hackney","E09000012","Total",246270,4222,3948,3769,3573,3637,3487,3129,3002,2919,2823,2839,2773,2752,2790,2724,2738,2683,2587,2722,2680,3197,3604,4129,4985,5770,6213,6693,6943,7078,6911,7000,6612,6078,5416,4971,4595,4591,4082,4127,3940,3651,3552,3416,3369,3405,3237,3292,2937,2900,2732,2601,2437,2348,2098,2041,2034,1852,1727,1727,1516,1550,1535,1431,1405,1350,1135,1152,1063,1018,935,904,909,890,807,860,789,803,628,630,580,552,530,481,406,376,318,322,266,244,174,161,138,103,54,39,31,30,24,12,6,25
"2011","Hammersmith and Fulham","E09000013","Total",182493,2745,2493,2334,2146,2182,1954,1799,1693,1616,1497,1613,1600,1516,1400,1492,1550,1461,1422,1551,1932,2436,2657,3365,4161,4660,5018,5343,5323,5212,5125,5082,4769,4328,4011,3818,3663,3614,3450,3284,3171,2940,2755,2759,2607,2608,2416,2454,2277,2174,2093,1948,1776,1775,1660,1544,1518,1477,1454,1346,1336,1317,1309,1299,1409,1343,1089,1060,1056,949,857,878,929,826,743,715,674,653,594,564,550,552,501,449,398,365,350,280,259,224,184,182,151,85,65,66,50,41,33,10,12,19
"2011","Haringey","E09000014","Total",254926,3785,3768,3603,3573,3383,3398,3232,3168,3040,2937,3046,3055,2976,3086,3071,2949,2799,2801,2797,2907,2984,3225,3749,4365,4512,5168,5621,5711,5774,5788,6107,5882,5826,5524,5200,4807,4520,4548,4386,4423,4327,3967,4007,3932,3902,3832,3799,3491,3395,3139,2941,2851,2664,2522,2438,2407,2180,2061,2067,1898,1890,1988,1792,1828,1745,1459,1507,1355,1214,1145,1167,1239,1221,1116,1152,1026,960,844,880,796,737,681,555,461,433,402,368,312,266,228,226,169,100,86,68,55,43,40,24,14,20
"2011","Islington","E09000019","Total",206125,2676,2595,2425,2341,2252,2095,1906,1899,1866,1817,1873,1828,1799,1828,1790,1835,1749,1811,2364,3041,3288,3457,3959,4588,5161,5726,6150,6027,6024,5817,5821,5603,5014,4306,4123,3873,3528,3431,3377,3281,3163,2989,3051,2917,2956,2948,2820,2594,2668,2337,2309,2091,2030,1926,1817,1758,1638,1586,1478,1441,1384,1435,1478,1479,1452,1108,1170,1130,1077,910,906,939,944,862,839,745,716,720,686,611,629,571,497,444,401,394,317,254,256,222,196,158,69,53,69,46,26,24,17,14,16
"2011","Kensington and Chelsea","E09000020","Total",158649,1946,1886,1802,1742,1813,1638,1550,1577,1477,1372,1413,1360,1282,1224,1163,1137,1090,1218,1380,1650,1846,2025,2272,2631,2548,2999,3071,3418,3590,3524,3925,3855,3740,3485,3340,3025,2903,2877,2767,2828,2544,2501,2557,2430,2400,2417,2345,2323,2197,2094,2069,1980,1900,1791,1735,1579,1585,1516,1540,1466,1658,1624,1630,1607,1657,1331,1397,1269,1222,1052,943,1021,965,863,865,733,746,624,576,583,599,540,476,437,406,353,346,296,304,240,223,183,120,91,86,56,44,44,35,20,26
"2011","Lambeth","E09000022","Total",303086,4517,4322,4167,3977,3718,3675,3258,3263,3052,3128,2940,3014,2938,2985,2877,2955,2844,2732,2853,2674,3228,3904,5152,6629,7789,8575,8785,8672,8604,8499,8500,7876,7612,6760,6257,5934,5670,5255,5221,5118,4938,4540,4643,4572,4395,4550,4517,4212,3915,3703,3609,3321,3043,2934,2694,2540,2406,2288,2143,1995,1874,1913,1752,1780,1693,1376,1406,1317,1338,1186,1285,1249,1203,1121,1136,983,934,822,863,836,804,755,642,550,536,506,414,381,333,302,256,181,104,85,62,52,59,35,32,17,26
"2011","Lewisham","E09000023","Total",275885,4679,4513,4437,4319,4056,3927,3352,3301,3113,2972,3018,3212,2869,3055,3114,3199,3154,3217,3293,3264,3599,3696,4468,4414,4706,4971,5079,5381,5359,5675,5962,5733,6004,5424,5540,5093,4758,4662,4821,4879,4536,4360,4334,4349,4340,4181,4308,4099,4035,3858,3616,3174,3130,3014,2816,2626,2432,2197,2165,2103,2017,1897,1901,2056,1918,1567,1517,1433,1480,1287,1270,1291,1304,1317,1175,1159,1077,1015,944,918,914,902,761,675,648,611,517,424,392,327,321,250,130,132,94,78,58,48,35,28,36
"2011","Newham","E09000025","Total",307984,5362,5234,4992,5055,4741,4581,4262,4003,4081,3907,3967,3818,3915,3910,3977,4089,3995,3939,3980,4408,5409,5804,6627,7136,7610,8219,8265,8085,8193,7675,7325,6869,6316,5730,5655,5226,4740,4623,4561,4335,4538,4357,4409,3960,3958,3815,3504,3529,3477,3154,3311,3068,2833,2798,2721,2449,2276,2084,2073,1925,1876,1769,1648,1649,1591,1253,1227,1225,1209,1078,1127,1151,1124,1000,1067,885,903,773,772,722,676,632,526,482,425,409,360,270,293,235,208,177,85,62,61,64,36,31,10,12,23
"2011","Southwark","E09000028","Total",288283,4670,4352,4020,3991,3706,3540,3258,3038,2960,2766,2809,2777,2868,2758,2885,2984,2826,2830,3349,3977,4768,4946,5482,5876,5924,6937,7133,7191,7210,7254,7044,6819,6503,6081,5850,5444,5263,5057,4970,4565,4815,4671,4426,4478,4536,4238,4216,4087,4033,3547,3716,3466,3102,3046,2740,2571,2365,2173,2039,1936,1918,1769,1817,1812,1756,1402,1383,1306,1282,1174,1132,1173,1115,1013,999,997,862,801,808,803,749,685,686,548,527,477,442,389,363,278,218,223,131,84,78,68,44,33,23,12,21
"2011","Tower Hamlets","E09000030","Total",254096,4065,3957,3706,3564,3458,3406,3099,3192,2948,2886,2771,2568,2610,2611,2642,2660,2476,2477,2977,4033,4851,5229,5920,7042,7776,7919,8075,8245,8039,7879,7771,7143,6412,5994,5708,4901,4897,4278,3778,3685,3595,3174,3133,2933,2843,2502,2414,2403,2297,2162,2051,2046,1934,1894,1811,1732,1645,1491,1562,1393,1247,1173,1174,1126,1143,893,862,815,805,765,869,832,764,785,779,708,667,642,621,566,619,528,446,440,374,316,289,251,215,185,164,115,46,55,39,30,24,28,8,7,18
"2011","Wandsworth","E09000032","Total",306995,5188,4608,4219,3932,3723,3288,3019,2923,2720,2624,2581,2582,2564,2487,2307,2241,2301,2320,2563,2978,3101,3494,4335,5586,7183,8575,9357,9594,9845,9846,9198,8945,8554,7823,7220,6579,6293,5857,5580,5212,4963,4678,4431,4280,4190,3999,3702,3779,3519,3101,3231,2965,2748,2544,2600,2444,2322,2262,2212,2111,2106,2121,2123,2157,2151,1634,1700,1525,1562,1289,1404,1428,1397,1284,1232,1173,1074,1008,921,950,857,793,687,681,619,584,522,439,441,369,332,244,171,114,134,97,81,58,30,30,47
"2011","Westminster","E09000033","Total",219396,2808,2692,2529,2390,2198,2180,1984,1907,1878,1777,1811,1791,1719,1691,1653,1576,1601,1773,2210,2837,2691,3084,3466,3882,4367,5014,5110,5488,5819,6067,5811,5714,5455,4984,4757,4365,4410,4193,3967,3742,3370,3480,3380,3263,3223,2945,2944,2860,2665,2576,2639,2421,2259,2132,2131,2200,1955,1941,1954,1948,1823,1847,1860,1850,1825,1641,1576,1452,1338,1183,1246,1248,1282,1136,1105,1105,1013,938,926,804,798,737,716,640,530,523,462,394,356,307,269,194,118,121,91,87,52,43,31,26,26
"2011","Barking and Dagenham","E09000002","Total",185911,3735,3726,3783,3763,3669,3323,2959,2707,2694,2648,2559,2405,2516,2758,2519,2534,2637,2609,2516,2289,2502,2431,2527,2849,2744,2797,3045,2924,3137,3068,3195,3087,3027,2997,2935,2944,3044,2901,2888,2729,2907,2696,2761,2723,2629,2567,2555,2451,2399,2244,2248,2099,1979,1899,1787,1632,1606,1576,1526,1387,1398,1370,1336,1349,1346,1114,1043,943,1022,828,816,910,899,874,827,807,782,729,722,739,758,722,575,642,506,535,478,421,338,330,259,214,109,84,80,60,52,39,24,11,29
"2011","Barnet","E09000003","Total",356386,5439,5324,5192,5286,4998,4850,4589,4365,4362,4186,4163,4328,4257,4319,4226,4350,4380,4459,3811,3580,3796,4185,4804,5602,5526,6050,6123,6148,6463,6641,6401,6294,6115,5696,5665,5546,5491,5383,5368,5316,5421,5397,5286,5280,5205,5041,4831,4968,4619,4520,4526,4215,4268,4082,3757,3814,3564,3382,3408,3381,3332,3389,3401,3348,3442,2942,2912,2785,2543,2144,2048,2158,2144,2016,2031,1956,1894,1778,1758,1648,1643,1526,1415,1216,1200,1112,1051,987,875,760,660,501,345,306,257,205,194,119,102,74,127
"2011","Bexley","E09000004","Total",231997,2975,3048,3020,3105,3034,2926,2793,2816,2668,2812,2897,2985,3044,3020,3072,3351,3213,3361,3075,2828,3061,2983,3039,2908,2841,2854,2740,2786,2825,2836,2970,3026,2927,2737,2813,2768,2902,2947,3114,3261,3371,3466,3578,3485,3781,3700,3670,3706,3540,3378,3442,3132,3086,3005,2830,2634,2553,2419,2404,2429,2381,2398,2475,2767,2774,2141,2174,1959,2024,1618,1637,1831,1809,1760,1742,1660,1561,1486,1458,1316,1381,1286,1182,1068,1010,811,762,684,607,539,494,344,214,154,153,116,70,50,39,34,38
"2011","Brent","E09000005","Total",311215,4783,4625,4427,4353,4258,3907,3845,3769,3529,3598,3606,3629,3414,3634,3659,3721,3722,3885,3686,3575,3834,4188,4873,5582,5721,6831,6872,6987,7023,6985,6820,6495,5925,5612,5338,5240,4919,4789,4833,4543,4442,4539,4345,4351,4097,4286,4248,4128,4023,3861,3965,3845,3797,3507,3359,3290,2994,2803,2741,2615,2628,2625,2374,2363,2278,2037,1971,1885,1907,1780,1646,1788,1710,1580,1640,1464,1460,1328,1262,1170,1110,1021,857,760,705,574,591,484,400,359,283,268,138,117,80,86,64,55,34,23,39
"2011","Bromley","E09000006","Total",309392,3963,4119,4011,3988,4014,3814,3711,3636,3517,3383,3639,3563,3779,3778,3853,3818,3888,4024,3459,2723,2793,2949,3354,3571,3452,3503,3399,3526,3654,3805,4194,4363,4199,4125,4183,4162,4424,4377,4618,4633,4980,4883,4914,5065,5012,5053,5012,5088,4632,4527,4596,4195,4121,3960,3812,3615,3454,3394,3328,3258,3367,3469,3606,3964,4086,3075,3087,2879,2794,2342,2258,2386,2380,2353,2216,2119,2031,1974,2030,2070,1861,1868,1683,1489,1327,1248,1097,1011,899,831,798,525,314,251,232,182,141,112,67,39,68
"2011","Croydon","E09000008","Total",363378,5730,5662,5535,5619,5426,4937,4843,4608,4394,4314,4412,4658,4575,4592,4893,4912,4917,5017,4648,4072,4177,4246,4725,5067,5376,5454,5253,5316,5694,5975,5963,5859,5907,5427,5486,5533,5358,5070,5256,5476,5399,5316,5472,5393,5524,5947,5795,5801,5677,5308,5072,4834,4652,4347,4166,4062,3908,3776,3568,3575,3292,3282,3346,3536,3573,2747,2642,2558,2524,2116,2113,2151,2145,2101,2058,1977,1893,1782,1613,1655,1525,1350,1237,1173,1113,933,882,777,716,573,509,437,214,235,173,134,105,72,57,29,56
"2011","Ealing","E09000009","Total",338449,5414,5199,4991,5034,4788,4480,4227,3888,3889,3901,3775,3841,3819,3793,3815,4023,3707,4021,3567,3355,3896,4142,4819,5720,5975,6550,6686,6664,6988,7110,7272,7001,6828,6313,6163,5967,5872,5716,5516,5300,5281,5277,5131,4932,4877,4879,4811,4574,4404,4209,4167,3843,3804,3664,3529,3523,3458,3366,3228,3044,2889,2820,2841,2850,2796,2187,2214,2078,2038,1870,1777,1864,1867,1852,1672,1664,1544,1434,1336,1290,1197,1056,945,894,792,779,658,609,525,452,453,338,157,152,122,129,72,77,34,20,79
"2011","Enfield","E09000010","Total",312466,4995,4886,4893,4973,4766,4663,4302,4082,3965,3918,4048,3963,4120,4049,4125,4253,4253,4294,3980,3731,3924,4148,4361,4678,4615,4923,5070,4704,5070,5190,5055,4962,4936,4647,4529,4321,4405,4415,4631,4438,4686,4766,4732,4790,4872,4777,4841,4531,4565,4183,4106,3990,3813,3642,3418,3250,3117,3027,2811,2783,2750,2671,2654,2800,2777,2433,2358,2328,2128,1917,1776,1998,1860,1830,1764,1677,1596,1527,1448,1372,1347,1229,1070,986,907,834,799,661,623,532,432,380,242,175,169,120,105,76,51,34,49
"2011","Greenwich","E09000011","Total",254557,4307,4293,4282,4173,3890,3886,3422,3135,2928,2954,2983,3009,2975,2944,3073,3140,2879,3099,3442,3501,3608,3967,4077,4177,4158,4246,4266,4416,4548,4637,5171,5409,5118,4759,4756,4335,4431,4255,4189,4044,4089,3820,3744,3735,3730,3622,3542,3454,3237,3279,3129,2955,2834,2684,2450,2479,2290,2217,2097,2000,1878,2033,1911,2184,2166,1690,1688,1455,1382,1280,1288,1312,1238,1192,1150,1155,1018,982,902,882,900,808,728,682,635,605,558,467,437,385,383,278,150,117,110,80,65,37,29,12,36
"2011","Harrow","E09000015","Total",239056,3215,3218,3225,3220,3038,3072,2944,2991,2779,2635,2769,2861,2806,3009,3145,3131,3153,3451,3023,2346,2462,2915,3362,3731,3596,3697,3966,3832,3814,4036,4160,4030,3900,3716,3802,3395,3451,3385,3466,3415,3455,3252,3337,3334,3260,3300,3252,3304,3261,3221,3176,3091,3054,2891,2945,2834,2774,2581,2500,2395,2499,2405,2319,2421,2366,2041,2051,1907,1785,1588,1563,1723,1684,1550,1528,1486,1483,1385,1210,1162,1184,1136,936,893,784,727,656,605,537,457,404,324,169,169,123,110,105,64,50,35,53
"2011","Havering","E09000016","Total",237232,2628,2714,2784,2794,2741,2760,2697,2686,2504,2583,2667,2863,2941,2852,3042,3132,3243,3196,3086,2701,2886,2868,3123,3131,2968,3010,2929,2901,2884,2938,3043,3008,2883,2639,2911,2779,2890,2847,3022,3196,3298,3383,3381,3407,3602,3563,3597,3574,3531,3394,3567,3368,3335,3246,3004,2823,2714,2795,2680,2662,2685,2704,2756,3170,3246,2425,2348,2297,2136,1847,1830,1987,1902,1906,1883,1859,1807,1630,1748,1675,1603,1520,1436,1278,1104,1030,947,859,746,614,532,408,225,185,151,98,83,66,43,22,47
"2011","Hillingdon","E09000017","Total",273936,3947,4146,3854,4016,3741,3743,3424,3327,3230,3191,3248,3407,3373,3498,3351,3397,3534,3693,3900,4509,4711,4463,4458,4179,4123,4124,4076,4177,4268,4233,4477,4455,4438,4171,3966,4052,3902,4048,3943,4067,3897,3943,3866,4060,3913,3969,3990,3801,3816,3765,3553,3414,3309,3265,3026,2976,2869,2637,2622,2421,2401,2494,2492,2732,2667,2060,2121,1962,1859,1633,1626,1754,1655,1696,1695,1571,1576,1410,1392,1297,1255,1133,1031,913,847,739,655,620,514,508,448,363,205,142,125,113,84,52,43,38,43
"2011","Hounslow","E09000018","Total",253957,4223,4008,4001,3888,3605,3368,3186,2858,2779,2708,2743,2740,2724,2931,2807,2964,2956,2998,2863,2896,2996,3254,3720,4317,4325,4957,5139,5075,5486,5574,5424,5381,5000,4926,4734,4573,4393,4101,4174,3903,3827,3725,3541,3599,3452,3552,3461,3361,3228,3102,3113,2924,2926,2730,2809,2566,2542,2385,2377,2335,2153,2270,2113,2160,2149,1691,1711,1592,1517,1405,1321,1407,1387,1300,1261,1176,1112,1009,1048,952,922,828,691,627,617,504,491,482,417,326,284,227,124,113,78,67,43,51,27,23,28
"2011","Kingston upon Thames","E09000021","Total",160060,2317,2181,2276,2182,2008,1928,1865,1854,1631,1688,1655,1754,1732,1732,1668,1799,1748,1674,1985,2658,3001,2916,2711,2533,2344,2430,2263,2522,2588,2555,2746,2695,2627,2624,2664,2739,2681,2634,2690,2663,2485,2471,2451,2373,2377,2356,2320,2232,2191,2027,2091,1958,1934,1738,1783,1623,1634,1667,1555,1493,1553,1536,1626,1621,1646,1270,1190,1148,1150,936,948,943,919,845,892,784,759,746,738,726,696,670,609,568,479,530,457,423,359,367,332,256,129,113,107,81,62,42,36,22,26
"2011","Merton","E09000024","Total",199693,3204,3136,2853,2878,2759,2537,2405,2283,2059,2123,2116,2055,2075,2093,2135,2142,2177,2241,2131,1718,1749,2101,2517,3001,3084,3562,3864,4003,4182,4266,4424,4381,4234,3889,3976,3643,3542,3392,3429,3249,3203,3097,3125,3101,2978,2972,2816,2873,2781,2597,2430,2372,2217,2147,2128,2060,1888,1831,1764,1806,1734,1744,1765,1825,1709,1394,1403,1259,1180,1138,1168,1126,1094,1095,1023,1009,891,872,930,822,847,738,652,654,550,508,441,453,373,330,285,264,127,109,104,86,61,44,26,31,35
"2011","Redbridge","E09000026","Total",278970,4318,4459,4225,4385,4279,3874,3891,3796,3693,3670,3654,3648,3738,3746,3793,3689,3722,3805,3554,3167,3170,3420,3807,4189,4308,4531,4726,4789,4986,4782,5026,5009,4777,4587,4536,4278,4138,4210,4003,4013,4048,3935,3867,3982,3822,3860,3806,3762,3682,3451,3491,3406,3260,3227,3072,2973,2974,2765,2638,2595,2515,2545,2450,2537,2531,1935,2006,1841,1870,1513,1515,1642,1584,1517,1394,1364,1377,1313,1204,1191,1150,1138,1000,944,872,832,741,591,580,481,475,367,190,166,161,119,91,65,68,35,53
"2011","Richmond upon Thames","E09000027","Total",186990,2993,2857,2819,2705,2664,2446,2330,2210,2165,1956,2005,2060,2038,1925,1799,1966,1800,1821,1823,1675,1625,1542,1772,2008,2198,2126,2343,2512,2696,2869,3012,3133,3287,3322,3272,3279,3574,3525,3556,3499,3304,3171,3180,3155,3127,3086,3040,2875,2837,2698,2470,2445,2380,2281,2229,2100,2062,2027,1896,1982,1936,1886,1994,2181,2145,1635,1670,1590,1358,1153,1201,1199,1160,1097,960,1014,907,863,904,837,870,771,670,704,694,571,570,527,432,403,405,313,165,163,122,107,80,70,41,18,52
"2011","Sutton","E09000029","Total",190146,2574,2628,2564,2557,2427,2398,2295,2204,2116,2082,2218,2339,2246,2458,2412,2470,2506,2591,2155,1765,1790,1912,2206,2361,2388,2434,2455,2566,2794,2936,2875,2972,2848,2742,2866,2773,2954,2946,2958,3106,3051,2953,3031,3099,3279,3155,3149,3041,2905,2678,2697,2562,2481,2335,2199,2189,2024,2070,1948,1814,1978,1898,1950,2159,2381,1588,1744,1507,1470,1254,1174,1305,1284,1279,1180,1154,1163,996,1036,996,933,892,849,752,677,640,609,520,442,426,372,264,159,107,118,106,74,36,46,33,48
"2011","Waltham Forest","E09000031","Total",258249,4403,4228,4198,4047,3963,3569,3401,3389,3089,3015,3026,2910,2889,2970,2965,3056,3118,3116,3113,2838,3544,3731,4113,4547,4669,5066,5411,5379,5285,5367,5197,5058,4744,4677,4492,4378,4175,4140,4143,4276,4243,3931,4139,3965,3965,3630,3663,3432,3385,3230,3084,2963,3001,2671,2602,2346,2352,2305,2236,2062,1991,1830,1933,1992,2037,1552,1500,1420,1491,1268,1164,1302,1279,1236,1201,1171,984,990,931,891,848,790,733,665,626,555,478,482,385,367,340,249,149,114,124,72,63,44,40,24,38
"2011","Bracknell Forest","E06000036","Total",113205,1585,1672,1655,1601,1514,1455,1394,1369,1270,1257,1314,1368,1426,1486,1488,1608,1580,1618,1323,1102,979,1101,1372,1432,1465,1526,1506,1543,1556,1590,1723,1748,1708,1613,1622,1664,1675,1766,1808,1879,1950,1796,1863,1852,1964,1890,1828,1888,1805,1770,1734,1623,1573,1517,1464,1364,1334,1221,1250,1178,1179,1095,1129,1244,1186,937,940,850,784,702,610,717,675,679,626,652,601,562,506,468,421,456,386,368,322,315,253,235,218,226,186,141,71,64,51,42,22,27,13,12,9
"2011","Brighton and Hove","E06000043","Total",273369,3083,3064,2984,3076,2808,2844,2618,2724,2571,2534,2728,2586,2679,2717,2702,2627,2663,2939,3890,5920,6673,6184,5457,5140,4675,4569,4581,4460,4611,4777,4623,4614,4396,4215,4111,4087,4086,4383,4650,4583,4512,4388,4340,4275,4390,4393,4349,4145,3928,3628,3367,3265,2987,3026,2700,2645,2668,2531,2454,2340,2376,2458,2494,2729,2657,2083,2104,1930,1820,1598,1598,1662,1584,1545,1536,1377,1363,1304,1335,1297,1240,1173,1074,1115,970,922,802,716,678,640,569,448,275,209,199,146,135,78,63,35,69
"2011","Isle of Wight","E06000046","Total",138265,1254,1260,1248,1295,1355,1391,1284,1270,1296,1301,1512,1522,1603,1646,1685,1754,1726,1766,1563,1381,1362,1233,1370,1433,1410,1448,1411,1331,1255,1245,1352,1337,1270,1187,1194,1292,1368,1470,1534,1649,1776,1819,1889,1967,2072,2002,2096,2013,1969,1937,1891,1892,1929,1787,1808,1836,1847,1882,1765,1877,1871,2002,2140,2374,2607,2011,2125,1975,1968,1663,1469,1592,1511,1459,1339,1299,1248,1169,1135,1197,1109,1000,944,877,794,774,693,648,600,542,466,371,181,167,166,132,110,84,52,32,52
"2011","Medway","E06000035","Total",263925,3454,3560,3431,3397,3382,3332,3160,3240,3107,3128,3236,3265,3347,3455,3462,3458,3650,3813,3847,4263,4150,3778,3732,3732,3649,3659,3528,3534,3344,3516,3617,3639,3486,3160,3344,3255,3368,3380,3525,3785,3889,3876,3973,3948,4076,3958,4079,3947,3954,3761,3694,3507,3417,3354,3233,2945,2974,2945,2948,2820,2757,2931,3068,3315,3383,2490,2661,2293,2165,1988,1799,1879,1912,1782,1683,1605,1492,1342,1334,1224,1221,1108,927,884,809,729,645,560,486,495,418,310,197,141,120,92,65,56,35,18,40
"2011","Milton Keynes","E06000042","Total",248821,4177,3993,3921,3987,3830,3591,3304,3368,3096,3109,3176,3121,3202,3132,3174,3211,3145,3194,2789,2381,2327,2452,2883,3203,3191,3723,3948,3867,3997,4061,4410,4216,4277,4001,4056,3770,4056,3908,3952,3812,3879,3800,3734,3827,3850,3724,3728,3724,3445,3309,3391,3262,3282,3068,3008,2855,2948,2761,2822,2713,2604,2723,2557,2686,2599,1960,1921,1830,1682,1479,1393,1381,1353,1225,1243,1098,972,962,921,931,882,765,696,663,604,545,563,473,430,360,328,262,130,112,107,74,65,29,17,16,39
"2011","Portsmouth","E06000044","Total",205056,2820,2874,2650,2619,2585,2438,2274,2258,2066,1995,2094,2210,2100,2324,2199,2294,2340,2288,3582,5452,6012,5411,4319,3682,3337,3614,3590,3423,3222,3142,3057,2968,2722,2554,2559,2571,2551,2625,2829,2808,2961,2845,2770,2860,2844,2823,2782,2784,2811,2648,2610,2491,2369,2239,2217,1929,1918,1893,1790,1782,1746,1875,1937,2073,2189,1724,1654,1459,1507,1311,1212,1339,1255,1261,1139,1169,1070,1027,991,953,953,881,817,705,644,681,588,575,523,425,415,331,197,156,124,98,78,65,32,18,35
"2011","Reading","E06000038","Total",155698,2601,2446,2408,2368,2114,1950,1788,1725,1580,1513,1562,1624,1561,1571,1650,1655,1639,1640,2029,2846,3370,3091,2630,2727,2756,2954,2999,3017,3084,3059,3259,3425,2994,2801,2765,2514,2496,2383,2394,2371,2345,2256,2156,2173,2174,2041,2096,2009,1913,1851,1839,1675,1690,1588,1477,1460,1428,1364,1366,1233,1189,1223,1269,1398,1294,1025,1064,1038,910,865,845,856,827,839,789,742,706,686,629,633,608,558,561,510,499,391,372,345,301,295,267,192,111,84,67,67,44,26,28,18,34
"2011","Slough","E06000039","Total",140205,2663,2668,2490,2500,2456,2308,2034,1934,1897,1821,1809,1820,1752,1797,1856,1755,1858,1806,1620,1535,1590,1729,1900,2067,2288,2437,2544,2664,2900,2806,3061,2974,2860,2629,2677,2469,2304,2235,2351,2249,2095,2032,2085,2000,1881,1944,1858,1670,1751,1770,1634,1548,1532,1500,1417,1370,1355,1259,1211,1196,1110,1086,1004,1016,944,727,733,717,741,618,663,706,584,583,565,562,547,539,514,464,495,410,353,333,288,295,256,191,175,186,172,134,76,50,35,24,33,17,15,7,16
"2011","Southampton","E06000045","Total",236882,3385,3148,3068,2970,2836,2668,2366,2372,2202,2239,2210,2252,2342,2360,2391,2539,2440,2361,4113,6489,7459,7002,5526,4957,4440,4504,4472,4243,4299,4267,4200,4082,3665,3376,3277,3304,3103,3141,3115,3023,3094,2847,2817,2865,2979,2986,3096,2931,2930,2854,2597,2537,2605,2555,2422,2265,2182,2191,2128,2073,2152,2149,2135,2208,2302,1894,1864,1707,1672,1510,1360,1392,1373,1401,1270,1218,1156,1131,1172,1225,1098,990,996,855,820,745,691,609,540,499,442,307,216,150,148,107,80,48,26,23,41
"2011","West Berkshire","E06000037","Total",153822,2075,1968,2005,2085,1932,1905,1763,1844,1795,1710,1878,2004,1936,2009,2087,2095,2188,2115,1857,1378,1258,1306,1527,1624,1626,1643,1578,1732,1689,1864,1842,1878,1817,1855,1914,2055,2046,2289,2315,2404,2582,2367,2573,2512,2561,2540,2524,2537,2474,2411,2298,2176,2240,2179,2072,1974,1908,1864,1895,1865,1910,1819,1862,2097,2065,1627,1674,1533,1390,1182,1205,1129,1146,1064,999,964,907,856,801,809,800,713,640,558,542,534,439,403,391,298,269,233,116,103,74,60,63,36,30,15,23
"2011","Windsor and Maidenhead","E06000040","Total",144560,1835,1936,1912,1838,1844,1830,1715,1707,1695,1637,1684,1723,1740,1867,1849,1848,1977,1933,1570,1015,1115,1271,1495,1564,1666,1711,1761,1760,1663,1946,1928,1952,1876,1942,1980,1956,2119,2078,2201,2272,2376,2272,2362,2309,2326,2321,2317,2169,2251,2137,2072,1878,1878,1862,1689,1624,1641,1632,1607,1657,1560,1638,1677,1950,1867,1447,1589,1445,1350,1112,1066,1197,1091,1108,1019,980,967,917,912,841,877,765,682,636,587,533,491,450,413,356,312,254,154,117,120,92,59,44,47,21,26
"2011","Wokingham","E06000041","Total",154380,2009,1913,2016,2072,2021,1926,1936,1896,1901,1892,1869,1999,2035,1953,1884,2048,2043,2047,1855,1494,1303,1305,1560,1687,1573,1668,1607,1527,1591,1678,1874,1921,1862,1985,2140,2085,2256,2281,2462,2415,2456,2497,2440,2490,2577,2517,2603,2618,2507,2535,2437,2235,2215,2245,2041,1889,1888,1809,1771,1806,1716,1787,1815,2060,2048,1519,1633,1534,1370,1281,1124,1175,1187,1129,1100,1021,976,909,874,857,814,692,649,544,455,471,387,398,326,314,286,195,131,78,99,77,70,37,25,19,33
"2011","Buckinghamshire","E10000002","Total",505283,6297,6131,6418,6546,6440,6305,6275,6219,6041,6099,6253,6605,6588,6507,6599,6726,6758,6738,5934,5012,4862,4974,5318,5487,5333,5522,5384,5407,5627,5667,5991,6038,5886,5911,6093,6129,6386,6753,7168,7477,7774,7615,7832,7992,8352,8167,8360,8295,7945,7697,7661,7173,7145,6894,6665,6391,6200,6041,6010,5777,5678,6005,6107,6761,6691,5020,5573,5187,4802,4107,4032,4186,4066,3908,3809,3642,3462,3182,3030,3001,2808,2615,2392,2153,1964,1781,1574,1488,1315,1129,1026,771,476,346,373,262,231,163,115,58,104
"2011","East Sussex","E10000011","Total",526671,5394,5390,5446,5630,5596,5583,5384,5448,5350,5299,5630,5836,6185,6428,6311,6246,6574,6711,6201,5703,5488,5106,5237,5496,5152,5187,5155,5141,5128,5207,5115,5114,4987,4739,4824,5111,5554,5637,6294,6694,6894,6933,7326,7643,7898,7809,8096,8057,7774,7663,7241,7114,7242,6938,6854,6663,6555,6669,6676,6630,6898,7180,7602,8772,9070,6795,7159,6698,6283,5561,5084,5442,5455,5216,5073,4876,4670,4486,4280,4295,4258,3852,3747,3339,3328,2934,2668,2458,2252,2037,2016,1470,889,687,680,504,410,292,183,147,239
"2011","Hampshire","E10000014","Total",1317788,15354,15377,15333,15688,15555,15168,14833,14817,14007,14439,15068,15504,16096,16049,16153,16964,16574,17182,15781,13520,13796,13921,14288,14951,14443,14037,13916,13962,14478,14694,15114,15146,14632,14294,14775,15554,16455,17098,18287,19163,19489,18842,19875,19885,20452,20920,21363,21060,20514,19988,19621,18560,18526,17767,17261,16292,16139,16070,15704,15543,15742,16337,17355,18996,19649,14920,15778,14475,13723,11749,11221,11840,11466,11162,10630,10230,9781,9013,8874,8589,8385,7693,7073,6450,6084,5381,4811,4470,4050,3521,3259,2346,1454,1118,1070,837,589,466,343,209,312
"2011","Kent","E10000016","Total",1463740,17752,17753,17801,17853,17917,17712,16604,16912,16315,16604,17027,17718,18548,19133,18970,18935,19505,19754,19246,18546,18135,17641,17547,17367,16989,17101,16852,16351,16233,16760,17421,17143,16435,15693,15942,16590,17361,18233,19234,20277,21205,21089,21795,21841,22627,22651,22475,21944,21536,20952,20082,19394,19276,18711,17973,17326,17254,17295,16885,16729,17065,17718,18741,21145,21815,16118,17089,15857,14928,12795,12073,12747,12430,11955,11525,10768,10413,9626,9514,9211,8961,8399,7624,6948,6484,5730,5201,4712,4135,3905,3652,2748,1584,1188,1126,867,671,456,313,214,339
"2011","Oxfordshire","E10000025","Total",653798,8614,8143,7996,8220,8083,7669,7286,7226,6989,6861,7159,7496,7467,7649,7564,7818,7775,7946,8812,10125,10199,9938,9318,9166,8972,9425,9334,9388,9449,9234,9091,9031,8766,8489,8254,8084,8422,8736,9199,9417,9383,9423,9592,9668,9725,9853,9847,9885,9531,9077,8880,8520,8141,8052,7673,7451,7223,7303,7042,6963,7287,7384,7482,7884,7977,6179,6737,6245,5961,5034,4915,5089,4968,4792,4502,4383,4164,3755,3770,3614,3545,3198,3020,2600,2588,2302,2016,1894,1700,1611,1424,980,620,513,457,335,283,178,144,88,138
"2011","Surrey","E10000030","Total",1132390,14033,14220,14325,14533,14195,13857,13190,13485,12643,12666,13065,13345,13878,13637,13641,13778,14065,14080,13537,12216,11974,11932,12516,12946,12151,12180,12147,12111,12524,13192,14032,14550,14244,14320,14713,15122,15684,15975,16859,17393,17458,17024,17430,17806,17941,18339,18248,18186,17888,17066,16644,15634,15282,14984,14102,13656,13330,13064,12787,12722,12646,13232,13564,14855,15082,11553,11939,11308,10566,8907,8687,8988,8938,8660,8293,8207,7644,7365,7286,7148,6665,6350,5722,5252,4945,4575,4208,3866,3432,3054,2911,2142,1323,1042,994,684,595,443,285,201,288
"2011","West Sussex","E10000032","Total",806892,9170,9397,9316,9268,9335,8932,8633,8808,8438,8368,8620,9019,9313,9360,9421,9557,9544,9637,9129,8100,7985,7870,8224,8705,8304,8538,8605,8762,8811,9304,9537,9626,9150,8847,8938,9107,9703,10224,10615,11241,11603,11411,12057,12224,12208,12325,12525,12400,11908,11635,11409,10809,10966,10590,10212,9814,9778,9550,9685,9402,9585,10019,10694,11765,12282,9292,9928,9185,8968,7486,7232,7756,7477,7457,7081,6865,6639,6255,6098,6136,6068,5614,5274,4744,4449,4065,3660,3444,2939,2823,2546,1959,1089,883,834,695,504,367,327,169,267
"2011","Bath and North East Somerset","E06000022","Total",176016,1836,1770,1781,1886,1965,1801,1719,1672,1771,1737,1848,1854,1929,1971,1966,2071,1999,2126,2871,4215,4085,3676,3375,2600,2259,2169,2088,1997,2006,1881,1928,1928,2002,1857,1763,1872,2010,2038,2275,2531,2341,2371,2459,2515,2510,2596,2602,2638,2449,2539,2377,2237,2172,2181,2148,2143,1969,2051,1959,2012,1929,2089,2137,2235,2412,1803,1998,1835,1706,1461,1380,1437,1487,1466,1355,1312,1213,1160,1164,1192,1136,1021,1028,888,867,815,680,654,566,534,440,338,213,168,128,92,78,65,45,27,65
"2011","Bournemouth","E06000028","Total",183491,2193,2152,2050,2014,1866,1657,1589,1616,1553,1446,1606,1566,1717,1784,1726,1732,1765,1752,2444,3697,4127,3837,3445,2969,2752,2879,3043,2948,2997,3068,3270,3091,2946,2543,2459,2376,2527,2412,2460,2617,2504,2443,2413,2439,2570,2542,2560,2427,2372,2383,2144,2118,2031,2040,2028,1805,1851,1958,1780,1891,1893,1907,1960,2179,2251,1690,1792,1652,1596,1318,1256,1376,1386,1284,1311,1246,1245,1239,1244,1175,1241,1125,1062,1042,885,902,809,738,736,649,610,451,244,196,224,172,114,92,81,44,84
"2011","Bristol, City of","E06000023","Total",428234,6459,6150,5927,5698,5399,5005,4784,4582,4240,4226,4174,4326,4362,4474,4367,4408,4486,4436,5650,8061,9611,9412,8860,8364,8124,8066,8514,8051,7947,8174,8019,7956,7166,6726,6551,6277,6152,5939,5987,6080,5892,5638,5584,5428,5765,5651,5650,5379,5337,5059,4931,4685,4693,4687,4323,4257,4165,4146,3984,3840,3847,3932,4004,4280,4015,3113,3262,3175,3083,2589,2539,2668,2591,2383,2322,2234,2233,2072,2060,2098,1925,1889,1730,1464,1530,1386,1257,1173,997,985,830,618,390,325,255,219,151,114,78,57,77
"2011","Cornwall","E06000052","Total",532273,5568,5404,5421,5453,5520,5406,5119,5189,5192,5167,5522,5831,6057,6211,6351,6530,6222,6353,6488,6207,5919,5692,5686,5738,5322,5396,5316,5269,5150,5242,5717,5489,5287,4995,5214,5270,5608,6026,6540,6832,7200,7054,7311,7420,7635,7851,7652,7954,7600,7429,7526,7264,7367,7389,7307,6937,6993,7172,7123,7318,7420,7937,8396,9174,9684,7502,7867,7327,6722,5806,5453,5499,5389,5194,5008,4693,4546,4071,4144,3943,3864,3440,3234,3039,2772,2539,2216,2019,1830,1614,1474,1108,678,529,475,346,292,222,118,93,175
"2011","Isles of Scilly","E06000053","Total",2203,16,15,13,38,23,23,22,20,20,20,27,23,18,16,30,22,5,2,8,19,18,20,15,24,34,34,17,23,31,30,19,37,25,26,20,26,25,18,32,29,47,32,24,44,23,40,35,39,35,26,29,33,28,30,35,19,35,27,32,29,30,32,28,40,42,41,42,26,32,23,23,25,17,17,25,22,22,10,10,17,19,13,19,13,20,15,7,6,6,3,6,5,3,5,3,6,2,1,1,0,1
"2011","North Somerset","E06000024","Total",202566,2307,2313,2349,2369,2315,2272,2164,2245,2145,2198,2227,2324,2370,2219,2439,2396,2385,2364,2273,1908,1754,1713,2024,2022,1978,2023,1917,2112,2112,2199,2134,2172,2161,2078,2146,2183,2335,2547,2703,2830,2898,2949,3005,3073,3072,3269,3097,3142,3005,2891,2756,2687,2764,2653,2568,2561,2433,2605,2603,2523,2611,2707,2924,3130,3282,2639,2886,2532,2389,2022,1955,2027,1952,1868,1801,1726,1692,1519,1530,1454,1462,1290,1233,1122,1015,987,914,822,750,702,613,473,247,245,199,145,130,91,82,37,82
"2011","Plymouth","E06000026","Total",256384,3182,3168,3009,3058,2919,2716,2650,2590,2530,2461,2521,2632,2781,2825,2886,2954,2931,3080,3671,5168,6044,5683,4687,4101,3828,3808,3828,3917,3655,3680,3447,3335,3033,2852,2735,2881,3005,3083,3186,3382,3467,3537,3636,3464,3619,3490,3647,3600,3443,3402,3482,3268,3240,3241,3136,2860,2738,2823,2722,2812,2819,2855,2928,3260,3278,2591,2700,2434,2461,1970,1954,2097,2061,1922,1809,1808,1711,1611,1553,1437,1448,1301,1195,1087,947,865,812,719,656,587,523,388,240,182,193,130,109,60,56,40,58
"2011","Poole","E06000029","Total",147645,1749,1645,1674,1708,1674,1579,1563,1545,1433,1463,1506,1564,1598,1609,1647,1702,1793,1764,1775,1586,1599,1609,1539,1683,1750,1701,1697,1718,1835,1761,1868,1822,1821,1603,1721,1705,1835,1803,1952,2036,2121,2094,2151,2112,2211,2243,2138,2274,2220,2203,1970,1883,1979,1888,1766,1766,1774,1737,1735,1759,1707,1810,1928,2163,2220,1627,1775,1702,1537,1370,1272,1332,1355,1323,1270,1266,1209,1110,1170,1053,1174,1038,983,848,825,738,710,622,572,525,486,342,230,153,145,127,96,57,46,25,45
"2011","South Gloucestershire","E06000025","Total",262767,3101,3143,3256,3278,3147,3136,2898,2933,2870,2771,2974,3056,3091,3347,3390,3539,3507,3451,3552,3550,3280,2951,3141,3026,3060,3120,3131,3122,3122,3111,3164,3293,3171,3067,3168,3249,3341,3379,3686,3747,4091,3979,4158,4161,4320,4442,4303,4332,4251,3982,3694,3547,3488,3288,3253,2992,3000,3060,3015,2935,2850,3028,3014,3420,3436,2687,3065,2744,2685,2284,2121,2249,2117,2069,2019,1926,1789,1764,1687,1583,1492,1324,1259,1025,986,918,813,706,629,582,529,388,253,156,156,123,77,62,45,27,70
"2011","Swindon","E06000030","Total",209156,2945,2818,2798,2864,2658,2740,2367,2444,2365,2357,2385,2475,2489,2494,2590,2593,2577,2564,2442,2248,2234,2318,2629,2786,2892,2757,3056,3003,3146,3113,3209,3092,3070,2907,2894,2935,3154,3315,3474,3419,3370,3268,3301,3369,3561,3296,3320,3336,3328,3091,3033,2867,2794,2648,2480,2432,2377,2486,2168,2171,2080,2118,2116,2370,2306,1746,1914,1707,1623,1463,1339,1429,1386,1279,1274,1193,1213,1086,1106,1035,1036,1011,818,697,704,646,579,542,426,423,349,237,151,100,92,78,63,36,24,20,29
"2011","Torbay","E06000027","Total",130959,1345,1361,1315,1329,1340,1313,1287,1251,1234,1192,1246,1415,1489,1456,1486,1610,1555,1565,1499,1340,1355,1266,1337,1457,1364,1438,1332,1295,1266,1369,1354,1253,1207,1163,1163,1276,1327,1449,1459,1549,1752,1744,1744,1819,1796,1871,1995,1898,1934,1849,1844,1779,1755,1785,1646,1751,1580,1715,1679,1693,1736,1884,2004,2132,2413,1744,1909,1800,1704,1437,1384,1459,1413,1336,1378,1259,1190,1151,1111,1093,990,898,905,834,788,791,686,630,579,504,466,386,194,174,166,127,111,89,61,42,65
"2011","Wiltshire","E06000054","Total",470981,5638,5562,5798,5586,5789,5571,5362,5655,5345,5266,5501,5741,5864,6035,6135,6120,6303,6129,5781,4864,4459,4636,5087,5272,5266,5146,5089,5040,5117,5079,5122,5275,4953,4869,4859,5326,5625,6010,6585,6843,7007,7136,7267,7231,7489,7570,7525,7389,7184,7149,6957,6683,6662,6357,6075,5863,5706,5819,5730,5745,5700,5744,6215,6823,6764,5181,5569,5212,4866,4307,4048,4207,4077,3888,3715,3560,3423,3127,3110,2969,2731,2693,2427,2241,2175,1835,1643,1582,1372,1293,1239,837,534,384,349,249,211,161,100,73,100
"2011","Devon","E10000008","Total",746399,7566,7388,7356,7552,7617,7483,7257,7282,7064,7246,7572,7859,8088,8406,8593,8845,8618,8968,9215,9762,9460,9140,8420,8175,7734,7480,7238,7248,7166,7283,7332,7605,7144,6785,6910,7073,7511,7918,8608,9216,9577,9762,10301,10156,10672,10949,11134,11237,10810,10752,10396,10160,10279,10110,9744,9595,9657,9997,9869,10004,10181,10948,11075,12530,12895,10055,10731,9926,9532,8268,7731,7990,7561,7410,7216,6838,6447,6099,5990,5856,5761,5418,4950,4598,4289,4050,3602,3308,2950,2735,2434,1861,1094,842,721,634,530,352,252,172,223
"2011","Dorset","E10000009","Total",412905,3649,3816,3873,4025,3970,4030,3879,3955,3935,4044,4128,4418,4693,4759,5025,5110,4991,5402,4814,3805,3950,3896,3727,3990,3887,3416,3438,3324,3343,3570,3702,3686,3547,3297,3602,3741,4015,4229,4619,5045,5162,5305,5609,5605,5760,5938,6055,6170,6113,5986,5759,5629,5745,5738,5458,5276,5411,5434,5512,5546,5762,6254,6354,7260,7574,5791,6467,5816,5690,4903,4641,4780,4725,4721,4456,4248,4200,3898,3922,3846,3645,3475,3260,2913,2685,2508,2331,2074,1857,1665,1524,1149,728,483,483,338,317,216,147,94,149
"2011","Gloucestershire","E10000013","Total",596984,6685,6583,6732,6628,6810,6333,6217,6509,6206,6275,6438,6770,7039,7012,7220,7294,7652,7822,7452,6911,7147,7092,6959,7006,6754,6752,6767,6602,6735,7138,7149,7023,6748,6214,6250,6788,7120,7584,7919,8574,8428,8629,8959,9160,9494,9318,9488,9163,9040,8826,8870,8451,8177,7976,7745,7543,7429,7449,7335,7501,7225,7691,7904,8415,8504,6556,6929,6738,6499,5671,5130,5450,5347,5074,4816,4417,4419,4128,4022,3837,3679,3557,3237,2936,2744,2582,2422,2112,1790,1765,1457,1099,708,542,466,359,292,199,154,98,124
"2011","Somerset","E10000027","Total",529972,5730,5877,5699,5744,5667,5691,5456,5561,5461,5318,5690,6005,6385,6521,6708,7077,7038,7330,6416,5447,5224,5473,5710,5852,5776,5348,5411,5255,5332,5162,5474,5229,5101,4935,4843,5225,5507,5938,6341,6820,7241,7253,7439,7600,7792,7994,8031,7997,7936,7692,7599,7398,7275,7243,6962,6682,6915,7036,6977,7166,7087,7456,7732,8543,8489,6548,7059,6577,6430,5511,5137,5289,5170,4970,4772,4492,4384,4140,4011,3883,3908,3620,3277,2999,2874,2528,2489,2166,1930,1740,1580,1145,692,505,520,404,290,232,139,104,145
"2011","Isle of Anglesey","W06000001","Total",69751,809,760,779,788,742,719,672,691,679,703,695,747,763,731,810,773,859,821,737,661,731,758,760,812,802,690,743,745,703,722,755,774,735,636,663,657,680,769,847,893,957,859,962,902,961,954,936,984,948,928,991,977,968,904,977,919,917,977,903,906,1041,1052,1091,1145,1132,966,1079,985,948,781,760,814,787,766,688,649,629,564,529,476,498,471,421,421,388,309,290,245,171,234,195,171,101,82,60,52,34,29,24,11,18
"2011","Gwynedd","W06000002","Total",121874,1336,1366,1383,1314,1420,1326,1212,1210,1169,1261,1305,1291,1310,1301,1403,1344,1421,1363,1759,2461,2661,2250,1782,1595,1431,1349,1311,1222,1297,1293,1304,1294,1184,1137,1141,1139,1245,1407,1476,1469,1564,1620,1519,1552,1663,1656,1651,1663,1622,1562,1664,1482,1607,1595,1516,1451,1419,1479,1512,1462,1511,1616,1714,1830,1862,1521,1550,1583,1479,1258,1181,1183,1219,1092,1064,967,1014,944,948,929,864,803,776,668,652,576,530,445,373,354,311,233,142,116,107,84,56,35,27,22,34
"2011","Conwy","W06000003","Total",115228,1139,1151,1214,1135,1200,1152,1100,1099,1062,1093,1153,1250,1290,1302,1423,1363,1408,1441,1305,1085,1062,1088,1225,1233,1190,1074,1088,1103,1035,1104,1160,1128,1041,968,1053,1019,1119,1138,1299,1461,1559,1465,1530,1524,1615,1631,1700,1726,1663,1584,1669,1665,1581,1541,1483,1391,1432,1573,1451,1486,1574,1654,1765,1871,1980,1516,1629,1473,1601,1385,1285,1314,1268,1245,1250,1237,1198,1083,1067,973,991,935,854,811,772,675,624,515,466,449,391,306,175,147,132,97,89,85,64,24,36
"2011","Denbighshire","W06000004","Total",93734,1105,1061,1041,1089,1027,1007,986,993,979,996,1010,1029,1142,1123,1169,1196,1238,1305,1247,1023,1018,1026,1067,1027,1074,956,895,932,876,866,851,979,882,844,940,935,1026,1032,1111,1249,1179,1229,1353,1283,1376,1305,1391,1435,1428,1366,1326,1282,1215,1190,1210,1148,1154,1211,1254,1198,1283,1355,1413,1586,1522,1142,1262,1225,1151,1011,1038,981,948,945,882,813,799,711,707,679,685,587,537,522,482,382,352,350,303,269,232,208,136,86,69,56,45,32,30,18,15
"2011","Flintshire","W06000005","Total",152506,1906,1860,1800,1974,1809,1685,1779,1634,1609,1666,1706,1730,1855,1802,1904,1925,2064,2009,1776,1723,1693,1709,1807,1907,1854,1678,1757,1681,1671,1760,1688,1877,1573,1618,1621,1680,1828,1858,2075,2283,2283,2260,2364,2302,2266,2369,2457,2361,2337,2191,2205,2079,2009,1935,1885,1830,1890,1952,1866,1966,2072,2039,2170,2320,2428,1748,1838,1769,1620,1480,1467,1362,1444,1358,1213,1137,1062,958,901,871,831,746,727,630,521,506,462,378,364,350,287,236,143,111,98,73,45,33,27,10,30
"2011","Wrexham","W06000006","Total",134844,1863,1734,1822,1722,1688,1715,1569,1501,1412,1420,1563,1570,1541,1552,1510,1636,1593,1626,1615,1573,1610,1621,1719,1744,1745,1725,1796,1738,1784,1782,1821,1766,1578,1464,1583,1568,1613,1735,1876,2021,2043,1990,1976,1942,2020,1914,2029,1977,1946,1859,1747,1768,1680,1727,1718,1665,1603,1721,1715,1581,1607,1736,1764,1918,1833,1495,1498,1457,1399,1277,1181,1098,1114,1024,973,961,848,813,833,801,750,658,632,611,551,487,419,357,299,296,268,212,139,91,81,68,58,27,31,18,26
"2011","Powys","W06000023","Total",132976,1273,1281,1339,1389,1300,1322,1315,1322,1298,1383,1443,1504,1686,1646,1668,1724,1674,1789,1494,1286,1228,1186,1363,1392,1296,1250,1177,1169,1103,1178,1181,1152,1175,1146,1189,1198,1321,1350,1407,1699,1744,1726,1833,1793,1904,1951,2047,2004,2025,1944,1874,1873,1835,1792,1847,1764,1835,1934,1942,1903,1933,2151,2132,2365,2283,1756,1958,1985,1797,1591,1491,1498,1441,1339,1376,1254,1203,1143,1094,1021,1003,926,796,747,739,691,605,517,488,384,378,272,178,120,118,99,68,63,36,25,46
"2011","Ceredigion","W06000008","Total",75922,758,684,633,693,704,692,647,676,663,668,697,707,746,741,751,770,809,798,1527,2728,2818,2153,1359,1015,846,776,745,685,721,687,706,658,647,647,646,681,680,696,744,853,800,813,896,899,917,911,968,1004,963,892,998,969,937,959,978,962,976,956,1026,964,942,1072,1134,1215,1211,963,1045,991,946,779,764,807,724,713,686,643,648,541,614,511,512,466,439,386,391,340,322,285,221,238,163,161,107,73,68,45,38,25,13,15,22
"2011","Pembrokeshire","W06000009","Total",122439,1414,1327,1306,1347,1390,1322,1278,1289,1207,1262,1380,1403,1554,1494,1552,1552,1493,1638,1491,1307,1342,1247,1380,1402,1339,1182,1187,1172,1108,1211,1219,1166,1144,1133,1108,1072,1160,1282,1369,1496,1532,1547,1648,1654,1665,1752,1810,1819,1834,1850,1708,1631,1665,1590,1603,1575,1639,1610,1692,1672,1785,1806,1833,2055,2046,1656,1780,1573,1525,1376,1391,1377,1278,1261,1163,1161,1144,971,1023,875,866,768,780,633,626,562,498,450,417,362,286,230,162,109,112,80,55,44,45,19,35
"2011","Carmarthenshire","W06000010","Total",183777,2129,2013,1993,2082,2093,1985,1936,1914,1914,1948,2035,2069,2066,2189,2283,2365,2276,2352,2323,2029,2092,2012,2040,2289,2165,1965,1912,1873,1907,1874,1976,1930,1873,1839,1712,1809,1909,1986,2164,2366,2368,2327,2526,2416,2591,2716,2738,2764,2659,2691,2565,2494,2494,2541,2434,2421,2480,2471,2418,2452,2445,2543,2606,2957,2797,2340,2431,2361,2286,2001,1911,1792,1777,1738,1706,1563,1554,1428,1432,1296,1169,1159,1078,1013,959,925,723,667,587,547,448,355,239,174,149,109,90,54,43,28,44
"2011","Swansea","W06000011","Total",239023,2609,2614,2645,2714,2528,2497,2486,2508,2422,2526,2506,2631,2590,2703,2784,2633,2654,2758,3404,4600,5110,4650,4050,3533,3177,3365,3176,3039,3051,2928,3201,3047,2853,2622,2666,2702,2858,2910,3018,3225,3121,3128,3283,3169,3228,3312,3368,3259,3171,3191,3113,3017,2957,3032,3037,2688,2816,2876,2739,2737,2724,2877,2890,3307,3178,2460,2640,2422,2385,2141,2047,2099,2065,2008,1889,1912,1802,1706,1636,1580,1429,1422,1198,1169,1047,969,829,735,644,638,491,372,288,205,177,125,115,65,41,25,36
"2011","Neath Port Talbot","W06000012","Total",139812,1531,1533,1470,1566,1499,1569,1554,1377,1418,1398,1552,1486,1662,1598,1722,1702,1784,1815,1721,1498,1602,1577,1619,1614,1700,1796,1700,1689,1757,1760,1751,1790,1576,1582,1612,1576,1637,1730,1733,1864,1912,1868,1978,1977,2024,1976,2141,2173,2095,1995,1988,1982,1960,1965,1863,1827,1805,1838,1882,1909,1762,1796,1858,2059,2008,1547,1650,1591,1518,1335,1307,1280,1223,1229,1182,1103,1106,917,920,855,910,828,749,712,637,538,535,427,406,389,322,254,158,106,89,69,57,34,24,13,31
"2011","Bridgend","W06000013","Total",139178,1545,1566,1522,1571,1523,1605,1502,1513,1468,1491,1602,1593,1661,1744,1769,1613,1808,1750,1711,1515,1587,1443,1785,1688,1731,1673,1733,1724,1640,1669,1870,1810,1589,1495,1568,1593,1761,1751,1922,2109,2050,2026,2156,2065,2159,2033,2239,2196,2048,2117,1941,1901,1896,1829,1799,1697,1616,1712,1725,1771,1705,1755,1838,1948,1889,1547,1568,1591,1454,1358,1337,1259,1267,1208,1180,1054,1057,869,900,881,791,716,680,528,569,524,426,404,355,345,271,212,118,88,96,62,44,41,19,12,23
"2011","Vale of Glamorgan","W06000014","Total",126336,1326,1490,1502,1548,1467,1436,1403,1390,1319,1370,1463,1606,1501,1684,1648,1679,1654,1827,1655,1337,1254,1269,1375,1458,1469,1449,1372,1358,1374,1416,1461,1530,1455,1326,1465,1422,1500,1577,1653,1806,1738,1761,1764,1911,1769,1880,1848,1934,1895,1906,1917,1767,1798,1713,1688,1699,1583,1670,1655,1604,1573,1568,1627,1845,1874,1347,1547,1367,1355,1208,1125,1216,1127,1042,1033,886,905,865,818,786,777,726,640,569,563,557,458,398,424,297,272,182,144,95,85,53,72,42,26,12,36
"2011","Cardiff","W06000015","Total",346090,4827,4528,4462,4425,4136,3973,3569,3621,3398,3519,3547,3619,3766,3764,3842,3979,3820,4016,5637,8418,9253,8483,7887,6815,6297,6322,6287,6122,6088,5696,5650,5322,4983,4637,4698,4449,4603,4294,4469,4380,4565,4563,4419,4406,4508,4413,4577,4578,4410,4432,4288,4127,4005,3927,3884,3507,3549,3581,3347,3353,3263,3383,3184,3336,3332,2495,2752,2376,2422,2159,2118,2140,2146,2077,2020,1956,1909,1817,1674,1687,1623,1442,1413,1252,1176,1142,1058,914,793,796,628,450,256,204,163,161,97,87,53,55,41
"2011","Rhondda Cynon Taff","W06000016","Total",234410,3048,2859,2948,2815,2779,2869,2632,2633,2528,2478,2541,2721,2824,2857,2942,2820,2864,2973,3045,3180,3428,3255,3250,3134,3111,3022,3052,2894,2933,2917,3136,3088,2702,2631,2574,2620,2649,2938,3054,3362,3400,3266,3407,3383,3428,3422,3453,3389,3245,3287,3261,2945,3032,3117,2889,2704,2726,2811,2778,2835,2837,2930,3123,3295,3268,2611,2598,2464,2371,2142,2054,2003,2016,1952,1793,1677,1657,1556,1484,1332,1295,1109,1032,954,914,891,754,671,546,521,469,367,207,131,141,104,88,61,43,29,36
"2011","Merthyr Tydfil","W06000024","Total",58802,728,712,739,712,739,633,635,613,639,599,631,701,712,649,783,735,795,821,743,730,756,780,804,814,805,889,887,816,761,817,791,724,662,596,644,637,615,644,705,808,854,810,825,862,930,863,886,886,858,870,903,811,811,825,718,692,696,702,706,714,766,748,762,779,725,574,633,617,556,515,496,511,503,497,429,461,383,383,371,333,344,277,275,239,215,183,176,150,138,128,121,90,55,37,34,26,16,15,9,2,4
"2011","Caerphilly","W06000018","Total",178806,2301,2294,2239,2246,2233,2162,2032,2095,2087,2054,2042,2135,2150,2237,2427,2247,2360,2350,2289,2072,2073,2076,2268,2243,2160,2251,2311,2195,2269,2196,2418,2303,2153,2037,2078,2054,2086,2223,2496,2549,2597,2552,2792,2637,2678,2644,2640,2609,2591,2573,2434,2319,2321,2351,2365,2127,2165,2222,2206,2112,2218,2357,2303,2476,2461,1892,2032,1887,1771,1694,1550,1568,1517,1445,1334,1242,1240,1164,1072,988,917,815,742,616,671,652,507,465,357,351,283,235,158,107,77,61,49,42,21,21,22
"2011","Blaenau Gwent","W06000019","Total",69814,836,825,805,791,759,794,718,711,658,676,727,819,819,851,837,867,926,1020,936,896,910,913,955,911,947,928,874,831,847,804,877,850,811,702,756,750,755,852,911,927,1029,1046,1145,1037,1121,1039,1050,1065,1060,1014,983,908,958,897,890,788,774,863,810,859,839,876,962,932,1010,797,805,775,807,729,654,649,624,547,578,547,535,455,456,429,362,366,297,291,277,243,220,191,186,153,157,107,69,44,35,20,33,17,9,4,9
"2011","Torfaen","W06000020","Total",91075,1102,1079,1050,1081,1069,1118,1044,943,939,989,981,1072,1109,1230,1228,1208,1315,1315,1146,1094,1117,1125,1191,1102,1053,1157,1157,1123,1062,1075,1030,1111,971,938,1019,899,979,1024,1128,1153,1288,1252,1348,1268,1301,1389,1418,1350,1341,1356,1349,1214,1262,1248,1116,1107,1106,1169,1159,1098,1187,1153,1168,1274,1258,988,1090,933,953,873,823,790,763,744,687,688,694,639,623,577,559,494,423,435,436,340,320,280,227,252,201,143,111,77,69,37,36,19,20,10,16
"2011","Monmouthshire","W06000021","Total",91323,885,861,968,930,993,896,949,1007,965,954,1038,1111,1038,1183,1314,1151,1330,1298,1109,841,842,795,906,915,853,767,750,760,753,782,803,857,836,768,803,835,931,967,1112,1230,1265,1340,1360,1393,1478,1586,1537,1567,1518,1433,1380,1322,1287,1264,1286,1215,1274,1254,1301,1237,1338,1323,1346,1415,1475,1184,1207,1160,1092,987,982,914,888,824,832,816,794,714,712,682,646,562,497,505,468,420,367,338,271,287,222,165,131,90,76,59,58,33,23,15,22
"2011","Newport","W06000022","Total",145736,1994,1895,1998,1893,1763,1753,1750,1691,1685,1678,1775,1796,1882,1985,1964,1886,1899,1982,2010,2104,2133,2052,1953,1951,1952,1938,1921,1921,1834,1792,2011,1934,1864,1657,1695,1658,1688,1737,1839,1938,2091,2054,2179,2220,2254,2188,2151,2174,2160,1997,1995,1956,1946,1798,1661,1570,1574,1610,1578,1471,1606,1619,1717,1789,1776,1351,1433,1385,1360,1240,1176,1215,1147,1130,1107,1070,967,928,845,867,783,740,641,601,617,537,462,405,359,352,296,218,138,90,88,62,41,32,21,19,28
