geography,geography code,Rural Urban,Cars: No cars or vans in household; measures: Value,Cars: 1 car or van in household; measures: Value,Cars: 2 cars or vans in household; measures: Value,Cars: 3 cars or vans in household; measures: Value,Cars: 4 or more cars or vans in household; measures: Value,Distance travelled to work: Less than 2km; measures: Value,Distance travelled to work: 2km to less than 5km; measures: Value,Distance travelled to work: 5km to less than 10km; measures: Value,Distance travelled to work: 10km to less than 20km; measures: Value,Distance travelled to work: 20km to less than 30km; measures: Value,Distance travelled to work: 30km to less than 40km; measures: Value,Distance travelled to work: 40km to less than 60km; measures: Value,Distance travelled to work: 60km and over; measures: Value,Distance travelled to work: Work mainly at or from home; measures: Value,Distance travelled to work: Other; measures: Value,Economic Activity: Economically active: Employee: Part-time; measures: Value,Economic Activity: Economically active: Employee: Full-time; measures: Value,Economic Activity: Economically active: Self-employed with employees: Part-time; measures: Value,Economic Activity: Economically active: Self-employed with employees: Full-time; measures: Value,Economic Activity: Economically active: Self-employed without employees: Part-time; measures: Value,Economic Activity: Economically active: Self-employed without employees: Full-time; measures: Value,Economic Activity: Economically active: Unemployed; measures: Value,Economic Activity: Economically active: Full-time student; measures: Value,Economic Activity: Economically inactive: Retired; measures: Value,Economic Activity: Economically inactive: Student (including full-time students); measures: Value,Economic Activity: Economically inactive: Looking after home or family; measures: Value,Economic Activity: Economically inactive: Long-term sick or disabled; measures: Value,Economic Activity: Economically inactive: Other; measures: Value,Age: Age 0 to 4; measures: Value,Age: Age 5 to 7; measures: Value,Age: Age 8 to 9; measures: Value,Age: Age 10 to 14; measures: Value,Age: Age 15; measures: Value,Age: Age 16 to 17; measures: Value,Age: Age 18 to 19; measures: Value,Age: Age 20 to 24; measures: Value,Age: Age 25 to 29; measures: Value,Age: Age 30 to 44; measures: Value,Age: Age 45 to 59; measures: Value,Age: Age 60 to 64; measures: Value,Age: Age 65 to 74; measures: Value,Age: Age 75 to 84; measures: Value,Age: Age 85 to 89; measures: Value,Age: Age 90 and over; measures: Value,No Cars and Vans,1 Car or Van,"(2, 3, 4) Car or Van",Young 0-19,Working-age 20-64,Retired-age 65-90,Distance (Work from home),Distance < 10 km,10 km < Distance < 30 km,30 km < Distanc < 60 km,Unemployed,Economically active,Economically Inactive,cluster,P1,P2
Darlington,E06000005,Total,13052,20682,10450,1962,524,11433,12516,4226,5552,4410,793,1234,1502,4180,3168,11555,30337,234,1254,1289,2818,4002,1954,12214,2742,3081,3737,1418,6579,3790,2284,6224,1330,2721,2357,6071,6607,20917,21560,6685,9717,6172,1740,810,13052,20682,12936,25285,61840,18439,4180,28175,9962,3529,4002,49441,23192,3,8.120296,-2.323253
County Durham,E06000047,Total,60926,96086,52740,10775,3276,36588,31877,38010,51191,19810,6846,2222,5704,20652,14994,50595,143922,1052,5717,5799,12741,17013,10262,65444,23837,14190,24887,8337,28574,15818,9841,27869,5882,12107,15278,35155,30628,96150,108200,35395,50883,30635,7321,3506,60926,96086,66791,115369,305528,92345,20652,106475,71001,14772,17013,230088,136695,0,8.916958,-3.2047913
Hartlepool,E06000001,Total,14268,16573,7662,1535,396,8452,10557,3406,5707,1684,681,489,1154,2473,3164,10092,22635,212,846,892,1855,5194,1787,10621,3042,3265,4733,1630,5698,3202,1990,5653,1257,2570,2451,5955,5622,16869,19326,5837,8174,5568,1323,533,14268,16573,9593,22821,53609,15598,2473,22415,7391,2324,5194,38319,23291,0,9.16212,-4.377292
Middlesbrough,E06000002,Total,21488,22963,10207,1945,600,10393,15799,11414,4137,1281,642,848,1733,3337,4963,15063,31301,300,1068,1331,2472,7631,4416,13922,7453,5569,6841,3184,9431,5178,3098,8485,1811,3747,4506,11690,9765,25414,27065,7531,10833,7393,1658,807,21488,22963,12752,36256,81465,20691,3337,37606,5418,3223,7631,55951,36969,0,9.813269,-5.7814884
Northumberland,E06000057,Total,30543,60875,36916,7671,2529,25944,14491,19568,30255,12969,5666,4162,5593,17894,10359,34368,86380,993,5351,5151,10568,10329,5128,43897,8108,8368,10321,4262,16003,9863,6482,17677,3841,7631,6992,16224,16187,56156,71135,24533,34366,21018,5233,2687,30543,60875,47116,68489,184235,63304,17894,60003,43224,15421,10329,147939,74956,1,6.8434033,-0.30923986
Redcar and Cleveland,E06000003,Total,16935,25367,13646,2832,825,8750,8270,11667,12544,1988,956,1050,1888,4034,5207,15322,33372,285,1235,1436,2908,6533,2439,19206,4142,4361,5869,2069,7553,4362,2736,7803,1712,3608,3515,8092,7628,24120,28285,9511,14418,8721,2133,980,16935,25367,17303,31289,77636,26252,4034,28687,14532,3894,6533,56997,35647,0,8.896294,-3.6942897
Stockton-on-Tees,E06000004,Total,20524,32728,20487,4222,1198,13975,19480,20574,11715,2257,1232,1730,2827,6376,6956,22070,52927,410,2017,2119,4395,8075,4246,20767,7277,5911,6861,3579,12322,6824,4149,11457,2355,5168,5296,12651,12602,37535,39652,11648,16102,10368,2429,1052,20524,32728,25907,47571,114088,29951,6376,54029,13972,5789,8075,88184,44395,0,8.969339,-4.178253
Gateshead,E08000037,Total,32551,37214,16016,2682,691,14252,22692,22674,14411,2431,509,771,2135,6383,5619,21023,58988,351,1887,2059,4509,7419,3948,23531,6832,5670,8844,3018,11869,6323,3987,10880,2439,4778,4953,12104,14059,40466,40515,12596,18608,12412,2897,1328,32551,37214,19389,45229,119740,35245,6383,59618,16842,3415,7419,92765,47895,0,9.279777,-3.8968825
Newcastle upon Tyne,E08000021,Total,48853,45938,18277,3178,907,21999,33608,26977,10924,3161,656,1255,3691,8430,8634,25835,69811,675,3017,3204,6236,10652,14418,24571,29253,8868,11509,4815,16522,8534,5501,14488,2929,6156,13311,36012,22948,51972,48952,14133,19380,13857,3578,1904,48853,45938,22362,67441,174017,38719,8430,82584,14085,5602,10652,123196,79016,2,9.984666,-6.596572
North Tyneside,E08000022,Total,28865,40879,18030,2877,644,16314,21840,21618,16995,1658,467,806,2639,6997,6692,21815,61349,354,2074,2274,4933,7304,4139,23497,5310,5048,7354,2438,11732,6577,4076,10921,2407,4631,4421,10908,12411,41644,42719,13059,18096,12487,3155,1557,28865,40879,21551,44765,120741,35295,6997,59772,18653,3912,7304,96938,43647,0,9.192825,-3.85222
South Tyneside,E08000023,Total,25830,27639,11168,1999,531,11255,14699,15020,9943,1451,292,595,1902,3875,5590,15480,40838,289,1379,1287,2993,7145,3234,17355,4611,4696,7234,2440,8182,4619,2932,8233,1961,3735,3797,9447,8901,27436,32394,9637,13634,9632,2503,1084,25830,27639,13698,33459,87815,26853,3875,40974,11394,2789,7145,65500,36336,0,9.240233,-4.0439186
Sunderland,E08000024,Total,42094,49564,22561,4358,1181,22817,30020,25463,19077,2876,1465,633,3112,7705,8343,29186,75899,586,2529,2788,5574,12016,6889,32215,10778,8666,14084,4342,15378,8599,5534,15355,3326,6753,7708,19709,16945,52854,58541,18011,25031,16600,3576,1586,42094,49564,28100,62653,166060,46793,7705,78300,21953,5210,12016,123451,70085,0,9.359344,-4.1366534
Blackburn with Darwen,E06000008,Total,17502,25110,11819,2256,666,14083,14124,8256,8609,2796,1634,635,1341,4930,4115,14535,35597,520,1703,2050,3724,5575,3329,13248,6065,7061,7378,3632,11278,6386,4092,10322,2289,4278,3651,9718,10951,30862,26717,7884,10356,6360,1547,798,17502,25110,14741,42296,86132,19061,4930,36463,11405,3610,5575,61458,37384,0,9.522191,-5.0654325
Blackpool,E06000009,Total,23635,27493,10635,2035,569,15754,17613,8224,3217,2604,643,740,1468,6173,4983,14836,34230,349,1646,2415,5550,6337,3177,16807,3809,3943,8228,2486,8218,4652,2784,8052,1660,3487,3501,8529,8580,26854,29094,9415,14353,9148,2431,1307,23635,27493,13239,32354,82472,27239,6173,41591,5821,2851,6337,62203,35273,0,8.989445,-4.1378775
Cheshire East,E06000049,Total,25709,65543,52217,11763,4209,32246,26242,25533,32196,12469,6538,4525,5530,23337,12520,38940,106863,1205,6533,7713,13605,8742,7652,46446,11341,9591,8327,3995,20194,12057,7687,21383,4432,9249,8398,18615,19020,72047,79230,26443,37951,23733,6347,3341,25709,65543,68189,83400,215355,71372,23337,84021,44665,16593,8742,182511,79700,3,7.565383,-0.7851873
Cheshire West and Chester,E06000050,Total,26297,58893,43561,9580,3111,26528,25727,23424,27282,13656,5786,4132,5441,17178,10984,36206,95642,887,4729,5711,10529,8949,8125,39893,10746,8620,9574,3544,18050,10742,6701,18737,3905,7904,8296,19511,18796,64058,69122,22686,32782,20387,5215,2716,26297,58893,56252,74335,194173,61100,17178,75679,40938,15359,8949,161829,72377,3,7.629538,-1.1682975
Halton,E06000006,Total,14380,22923,12893,2418,698,10704,13262,9929,9316,2987,1800,591,1614,3696,3678,13102,37219,194,1056,1230,2940,5151,2519,13332,3858,3900,6451,1756,8354,4563,2820,7577,1613,3339,3130,8024,8141,25004,26192,8508,10370,6132,1349,630,14380,22923,16009,31396,75869,18481,3696,33895,12303,4005,5151,58260,29297,0,9.020006,-3.2234366
Warrington,E06000007,Total,16409,35587,26623,5049,1472,15292,24014,16340,12844,9933,2767,998,2737,9336,6595,21782,63875,472,2389,2886,5870,5961,4530,22189,5441,4917,6063,3086,12309,7003,4552,12296,2591,5259,4657,12088,12503,42327,41988,12441,18198,10294,2498,1224,16409,35587,33144,48667,121347,32214,9336,55646,22777,6502,5961,101804,41696,3,8.365505,-1.9260359
Cumbria,E10000006,Total,47578,99389,57798,12825,4452,56105,41354,28893,34157,14219,6706,5438,8767,31176,16416,59570,136835,1712,8864,8784,19874,12346,9170,66857,11492,11015,16547,5814,25248,15051,9706,27449,6045,12376,11425,25674,26289,91309,108375,38022,55410,34201,8745,4533,47578,99389,75075,107300,289669,102889,31176,126352,48376,20911,12346,244809,111725,1,6.7327347,-0.057797413
Bolton,E08000001,Total,32948,50068,27136,4938,1281,21045,27946,22080,19590,8280,1601,1197,2588,10086,8954,27798,74631,839,3394,4086,8029,9913,6243,29514,10318,9504,11574,4880,18765,10383,6495,17793,3640,7483,6799,18071,18285,56720,52967,16845,23553,13659,3652,1676,32948,50068,33355,71358,162888,42540,10086,71071,27870,5386,9913,125020,65790,0,9.381429,-4.7274823
Bury,E08000002,Total,18683,34373,20546,3477,1034,13856,17131,19581,15805,3567,1170,1084,1861,7689,6292,19118,53953,533,2539,3129,6019,5769,3620,19558,6074,5168,6596,2611,12235,6875,4233,11361,2421,4827,4297,10688,11622,37977,37272,11712,16292,9623,2397,1228,18683,34373,25057,46249,109271,29540,7689,50568,19372,4115,5769,88911,40007,0,9.292572,-3.911025
Manchester,E08000003,Total,91248,83276,25598,3779,1068,40091,53634,50895,19994,4423,2506,3836,5397,15288,17641,41535,128930,1099,4060,6794,11675,21880,27251,29179,53999,18697,25161,12672,36413,18059,10558,26785,5603,10734,21965,66998,56595,111440,72197,18236,24767,16404,4226,2147,91248,83276,30445,130117,325466,47544,15288,144620,24417,11739,21880,221344,139708,2,10.258365,-6.686921
Oldham,E08000004,Total,27954,38521,18893,3368,967,18074,23869,18594,13470,3004,1587,1384,1698,7349,7271,22171,58410,659,2581,3047,6147,8661,4722,22426,8135,9038,9209,4559,16491,9353,6069,15337,3209,6098,5749,14586,15177,44945,42055,12875,18280,10465,2760,1448,27954,38521,23228,62306,129638,32953,7349,60537,16474,4669,8661,97737,53367,0,9.560574,-5.0356917
Rochdale,E08000005,Total,27460,36830,18960,3411,891,17250,19314,18308,13162,4112,1446,1134,1861,7076,7090,20101,55604,629,2436,2982,6069,9047,4135,20853,8025,7838,10446,4577,14754,8177,4971,13925,2956,5989,5480,14005,14111,42914,41147,12454,16642,10367,2632,1175,27460,36830,23262,56252,124631,30816,7076,54872,17274,4441,9047,91956,51739,0,9.4759245,-4.89871
Salford,E08000006,Total,38178,43884,17769,2919,806,20766,24873,22558,14750,2846,1279,1385,2644,7987,7816,21676,67966,414,2114,2616,6228,9041,8075,20950,10093,7021,11915,5008,16255,8146,4865,12969,2918,5543,6642,19537,20989,48801,41704,12358,17543,11144,3012,1507,38178,43884,21494,57338,143389,33206,7987,68197,17596,5308,9041,109089,54987,2,10.021374,-6.2567096
Stockport,E08000007,Total,26781,52372,34324,6526,1976,20812,29557,29992,23689,3157,1549,2095,2864,13362,10053,29946,83049,752,4049,4888,9975,8002,5635,31395,8674,7139,8527,3279,17342,9772,6036,16759,3544,7169,6162,15184,15896,57069,59052,18263,26515,17762,4441,2309,26781,52372,42826,66784,165464,51027,13362,80361,26846,6508,8002,138294,59014,0,9.051443,-3.7697997
Tameside,E08000008,Total,28132,41793,20497,3593,938,18180,23046,22200,16585,2249,1197,1494,1920,7651,7370,21377,65546,470,2200,2757,6595,8052,4019,23682,6865,6443,9970,3483,14439,7727,4728,13029,2785,5787,5415,13744,14320,44882,44400,13867,19044,10977,2822,1358,28132,41793,25028,53910,131213,34201,7651,63426,18834,4611,8052,102964,50443,0,9.227096,-3.8164682
Trafford,E08000009,Total,20485,40855,26861,4923,1360,16539,23249,26282,17480,3071,1175,1804,2535,11166,7611,22799,68201,657,3416,4132,7649,6136,5074,21729,7200,6426,6499,2888,14870,8531,5501,14076,2846,5907,4773,11776,13764,49221,46226,12814,18325,12899,3371,1678,20485,40855,33144,56504,133801,36273,11166,66070,20551,5514,6136,111928,44742,0,9.042241,-4.00812
Wigan,E08000010,Total,33606,59544,34821,6642,1773,24856,29011,28699,25166,11832,3450,1081,3320,10864,11629,32880,94703,640,3324,4016,9465,11483,6270,38211,8293,8302,14652,4256,19681,11178,6866,18270,4029,8064,7477,19310,20174,66112,63840,21199,30319,15930,3682,1718,33606,59544,43236,75565,190635,51649,10864,82566,36998,7851,11483,151298,73714,0,8.85819,-3.0668778
Lancashire,E10000017,Total,113467,215777,130414,27546,9095,101990,107240,94677,77197,30340,17106,11153,13186,53842,39477,121611,322746,3316,16965,18960,37916,32261,31415,138771,46051,30492,41318,17308,68591,38980,24585,67883,14344,29186,33352,78594,68819,221875,235357,78580,113367,70377,18380,9069,113467,215777,167055,276921,683225,211193,53842,303907,107537,41445,32261,552929,273940,3,7.7057424,-1.8404882
Knowsley,E08000011,Total,22739,25044,11085,2024,431,9948,11064,15620,11750,1424,1093,769,1593,3531,4899,15173,38065,208,1083,1386,3541,6926,3235,14415,5127,4822,9333,2841,9121,5107,3205,9200,2035,4120,3968,9846,9229,27369,31470,8209,11944,8706,1688,676,22739,25044,13540,36756,86123,23014,3531,36632,13174,3455,6926,62691,36538,0,9.399833,-4.128633
Liverpool,E08000012,Total,95281,78775,27031,4358,1070,34811,51672,48405,17061,5491,2175,4363,4965,12180,15507,44816,116778,865,4092,4825,10894,23980,20020,41070,36781,13683,28453,10619,26099,13590,8664,24315,5432,10811,18329,50636,39966,92015,86674,24418,34027,23709,5307,2423,95281,78775,32459,107240,293709,65466,12180,134888,22552,11503,23980,202290,130606,2,10.139886,-6.6120605
Sefton,E08000014,Total,33592,50995,26553,5276,1514,23016,21780,20466,20659,8431,2490,2346,3074,10137,9520,29799,71019,638,3430,3995,8204,9708,6219,34329,8676,6705,11612,3863,14601,8301,5467,15672,3314,6979,6349,15915,14915,47606,59240,18420,28773,20712,4931,2595,33592,50995,33343,60683,156096,57011,10137,65262,29090,7910,9708,123304,65185,0,8.563689,-3.403687
St. Helens,E08000013,Total,20212,32283,18820,3466,955,12438,17763,14800,13874,4065,2561,604,1928,5347,5200,18169,49968,330,1679,1766,4246,6640,3323,22144,5294,4971,8638,2416,10269,5684,3587,10212,2184,4466,4309,10522,10501,34137,35782,12255,17612,10294,2402,1092,20212,32283,23241,40711,103197,31400,5347,45001,17939,5093,6640,79481,43463,0,8.986948,-3.286199
Wirral,E08000015,Total,39391,60656,32544,6199,1793,20927,30527,32533,19400,5932,1877,2717,4051,11602,10363,34513,83696,725,3839,4424,8346,11939,5758,38761,10491,9046,14724,4589,18514,10791,6886,19005,4089,8436,7338,18069,17939,58992,67018,21740,31319,21313,5481,2853,39391,60656,40536,75059,183758,60966,11602,83987,25332,8645,11939,141301,77611,0,8.801065,-3.7516744
East Riding of Yorkshire,E06000011,Total,25200,62802,42328,9463,3239,27211,17065,24412,29827,11759,6293,5188,6184,18942,11876,37856,90761,1087,6040,5863,11844,8795,6614,47790,9149,7849,7720,4226,16400,9990,6640,18625,4191,8229,7976,15779,15073,60345,72406,27070,38716,23720,5947,3072,25200,62802,55030,72051,190673,71455,18942,68688,41586,17665,8795,160065,76734,1,6.781532,-0.22197892
"Kingston upon Hull, City of",E06000010,Total,45748,47612,16002,2588,646,22484,39799,21744,5773,1946,1198,1070,3541,5676,7672,28041,68035,418,1808,2352,5236,15296,6944,23025,13243,9482,11524,5206,17358,8754,5220,13944,3090,6413,7913,24040,20274,52108,47717,13844,18301,12788,3166,1476,45748,47612,19236,62692,157983,35731,5676,84027,7719,5809,15296,112834,62480,2,9.778396,-5.9341993
North East Lincolnshire,E06000012,Total,21481,30338,14469,2638,781,15634,21831,10499,6022,1845,1278,858,2534,4574,5701,19086,42039,306,1581,1763,3834,7486,3132,18018,4825,5635,5612,2506,10005,5546,3420,9264,2004,4119,4148,10521,9987,29802,32277,10236,14733,9813,2469,1272,21481,30338,17888,38506,92823,28287,4574,47964,7867,4670,7486,71741,36596,0,9.086724,-4.357481
North Lincolnshire,E06000013,Total,14617,30714,19450,4454,1449,14268,16130,10639,12101,4937,2918,1921,3070,6841,5276,18768,48278,413,2031,2163,4262,5869,2884,20296,4569,5433,5151,2212,10282,5782,3595,9550,2132,4217,3806,9522,9969,31667,35433,11452,16263,10012,2542,1222,14617,30714,25353,39364,98043,30039,6841,41037,17038,7909,5869,78799,37661,3,7.8660874,-1.9625087
York,E06000014,Total,21808,38999,18535,3210,1000,23810,26163,11687,6239,4207,4582,2954,3451,9297,6331,22487,57032,453,2391,3252,6232,4582,8516,20688,14387,4107,3678,1984,10677,5747,3601,9712,2039,4179,7879,19746,14159,38818,36363,11716,16929,11629,3200,1657,21808,38999,22745,43834,120802,33415,9297,61660,10446,10987,4582,100363,44844,2,10.19732,-7.0547614
North Yorkshire,E10000023,Total,45716,110448,76275,17670,6485,63714,35419,31479,42516,25515,11864,8486,12269,45617,22322,66097,166951,2385,13167,13016,28181,13274,11029,75620,14292,14434,12113,6247,31040,18505,12344,34410,7406,15019,13634,31394,29923,106914,129966,44622,65334,41076,10891,5898,45716,110448,100430,132358,342819,123199,45617,130612,68031,32619,13274,300826,122706,1,6.7642565,0.17866865
Barnsley,E08000016,Total,27108,43197,24317,4804,1308,16863,19539,17915,18968,8001,1876,1128,3043,7945,8301,24807,62841,515,2639,2863,7086,8738,3817,28008,6225,7435,11925,3506,13957,7798,4764,13378,2989,5804,5597,13533,14446,45725,48377,14843,22080,13250,3279,1401,27108,43197,30429,54287,136924,40010,7945,54317,26969,6047,8738,104568,57099,0,8.805458,-3.3207028
Doncaster,E08000017,Total,35102,54987,28936,5768,1694,20502,25659,26358,19433,8124,3913,3416,4564,11055,10791,33112,80998,734,3305,3941,8216,12697,4767,34110,8765,10746,12958,6528,19220,10558,6514,17407,3794,7907,7236,19417,20239,58258,61864,18847,27109,17660,4346,2026,35102,54987,36398,72636,178625,51141,11055,72519,27557,11893,12697,135073,73107,0,8.697806,-3.5660944
Rotherham,E08000018,Total,28756,45191,26931,5644,1771,16294,22228,25968,21791,3246,1690,2459,3550,8748,8897,28830,68860,598,2839,3244,7313,9821,4394,31117,7405,8864,10614,4060,15738,8923,5722,15664,3215,6797,6205,15227,15422,49874,52987,16664,24783,14560,3684,1815,28756,45191,34346,62264,150174,44842,8748,64490,25037,7699,9821,116078,62060,0,8.829743,-3.8472898
Sheffield,E08000019,Total,75968,97721,45766,8154,2319,43491,60057,55808,23191,5489,3318,6474,8702,18553,19235,56868,140933,1216,5503,7835,15467,19626,22791,52941,44212,16682,18418,8512,33977,18825,11512,30193,6177,12627,23505,56134,38805,110267,96291,28687,44688,29237,7600,4173,75968,97721,56239,136816,330184,85698,18553,159356,28680,18494,19626,250613,140765,2,9.849687,-6.7721863
Bradford,E08000032,Total,60799,85678,42500,7882,2437,39380,50949,40852,34717,9010,1785,2804,4745,19312,15383,52795,125745,1725,6199,8721,14828,21224,12490,43961,23311,24487,18176,12555,41167,22903,14579,36268,7414,14248,13706,35679,38810,108439,93087,26760,35488,24300,6493,3111,60799,85678,52819,150285,302775,69392,19312,131181,43727,9334,21224,222503,122490,0,9.601954,-5.0856524
Calderdale,E08000033,Total,24219,38305,21019,3902,1176,17372,21761,18300,12837,5308,2047,1098,1729,9506,6687,21923,57617,585,2837,3650,6999,7394,3888,22405,6156,5844,6510,2958,12906,7403,4579,12563,2730,5163,4736,11421,12089,41938,42482,13344,17593,10585,2831,1463,24219,38305,26097,50080,121274,32472,9506,57433,18145,4874,7394,97499,43873,0,9.189131,-3.959931
Kirklees,E08000034,Total,45875,74194,42712,8186,2558,31917,40980,36147,32259,10152,3696,2237,4079,17716,13214,44638,112199,1413,5679,7070,13332,14465,10718,44027,17593,15227,13504,7329,28331,15976,10051,26177,5614,10669,11264,28826,27475,86893,81187,25845,35035,21092,5316,2707,45875,74194,53456,108082,250226,64150,17716,109044,42411,10012,14465,195049,97680,0,9.412443,-4.6330028
Leeds,E08000035,Total,102787,133414,68943,11751,3701,55977,78034,85954,51690,11317,3815,4283,10005,29647,24503,73507,217528,1789,8318,10731,21460,26786,29810,69446,46047,20435,22498,12494,47844,25177,15404,40167,8901,17178,26756,71874,59860,155762,132786,40178,56455,38561,9600,4982,102787,133414,84395,181427,460460,109598,29647,219965,63007,18103,26786,363143,170920,2,9.955401,-6.708682
Wakefield,E08000036,Total,37719,60622,33675,6497,1901,25780,28550,26788,32850,8223,2945,1214,3768,11373,10337,35763,95559,719,3494,3960,8531,11702,5040,38721,8474,9554,14092,5388,19545,10931,6712,18774,4078,8374,7567,19566,20773,65311,67843,21221,30342,18138,4504,2158,37719,60622,42073,75981,194714,55142,11373,81118,41073,7927,11702,153066,76229,0,8.718465,-3.238349
Derby,E06000015,Total,29593,44344,22930,4220,1184,22119,35130,15049,12100,5409,1547,2514,3368,7829,7357,26310,68979,486,2027,3127,6017,9297,7448,22925,11237,8595,8574,4269,17743,9329,5654,14857,3093,6250,7385,20069,18211,51298,44608,12586,18884,13540,3564,1681,29593,44344,28334,64311,146772,37669,7829,72298,17509,7429,9297,114394,55600,0,9.563974,-5.5426674
Leicester,E06000016,Total,45375,51864,20787,3975,1124,31686,44409,21896,7887,4013,2896,2401,4023,9392,8891,33341,80780,751,2757,3699,6814,14982,13301,22435,27604,15035,12397,8336,24297,12925,7855,20162,4040,8608,11842,35406,29571,68167,55694,14056,18888,12936,3605,1787,45375,51864,25886,89729,202894,37216,9392,97991,11900,9320,14982,141443,85807,2,9.876527,-6.1746745
Nottingham,E06000018,Total,55093,50614,16785,2830,809,25562,35486,22556,8830,3666,1772,1395,5733,8856,9362,27605,72252,573,2147,3575,6709,14775,14691,21144,37733,10854,13161,6853,19959,10194,6235,15860,3328,6818,16913,42766,26232,61519,47678,12626,17520,12877,3529,1626,55093,50614,20424,79307,190821,35552,8856,83604,12496,8900,14775,127552,89745,2,9.887838,-6.514768
Rutland,E06000017,Total,1859,6152,5222,1328,441,3929,1198,2152,2356,1574,953,620,976,3011,1268,3847,10314,155,710,976,1507,643,606,4579,1568,878,463,806,1854,1129,721,2352,630,1434,831,1740,1907,6686,7521,2715,4218,2530,719,382,1859,6152,6991,8951,20569,7849,3011,7279,3930,2549,643,18115,8294,1,6.987694,0.16287415
Derbyshire,E10000007,Total,66832,141123,96191,21156,7335,60756,54955,67173,72847,21828,9277,7450,11667,38575,27483,86622,221973,1987,10413,13173,27199,22206,13480,95875,20422,20778,24687,8983,41545,24628,15821,44957,9835,19880,17450,40958,41007,151061,164883,54770,77789,46475,12276,6351,66832,141123,124682,174116,452679,142891,38575,182884,94675,28394,22206,374847,170745,3,7.545581,-1.6479099
Leicestershire,E10000018,Total,40821,110471,88377,20566,7199,51108,47624,59988,58679,21938,8733,7619,10286,35597,23003,70396,195058,1844,9821,11820,23577,14534,15089,73264,29200,15363,12666,6830,36154,21369,13677,38100,8081,16703,18515,40925,35050,126581,135543,44354,61791,38436,10182,5028,40821,110471,116142,152599,382453,115437,35597,158720,80617,26638,14534,327605,137323,3,7.597149,-1.2563114
Lincolnshire,E10000019,Total,55407,137635,87271,19598,7060,65359,46897,42032,49335,29013,11719,10510,13950,39084,26236,75973,196958,1999,10354,12485,24843,20035,15005,95106,20830,20749,21076,8784,37351,21222,13864,40470,8971,17408,17545,41556,38933,128490,147211,52781,80273,48767,12467,6344,55407,137635,113929,156831,408971,147851,39084,154288,78348,36179,20035,337617,166545,1,6.802375,-0.35118598
Northamptonshire,E10000021,Total,54332,118068,87951,20204,7175,58606,64886,50333,51223,25817,10524,8505,17135,35917,26508,70097,219562,1673,9176,11349,25328,20078,15457,68299,19649,19466,16900,9140,46012,25279,15915,42030,8635,17733,16132,39694,43619,146623,139840,44404,58129,33935,9252,4720,54332,118068,115330,171736,414180,106036,35917,173825,77040,36164,20078,352642,133454,3,8.228362,-1.4365077
Nottinghamshire,E10000024,Total,69687,144941,93973,19461,6241,58374,67436,70457,59200,25123,9223,6443,14640,37512,26787,86589,227198,2040,10262,12353,24935,22745,15143,95255,23698,21883,25340,10813,45259,25459,16288,45750,9566,19981,18307,44562,44051,155113,165910,53109,77221,47073,12268,5885,69687,144941,119675,180610,462745,142447,37512,196267,84323,30306,22745,378520,176989,3,7.7251735,-1.8733038
"Herefordshire, County of",E06000019,Total,12826,32556,23805,6395,2737,17872,13215,10050,11752,6004,2393,2117,3523,15123,8188,20345,48094,682,3656,4683,10130,4353,3171,22149,4845,4636,4600,2098,9580,5550,3630,10494,2261,4519,3904,9431,9681,32849,38958,13604,20496,13196,3535,1789,12826,32556,32937,39938,104523,39016,15123,41137,17756,8033,4353,90761,38328,1,6.6385937,0.2822011
Shropshire,E06000051,Total,20483,54671,39927,10291,4302,28113,18830,15802,21518,15321,5774,4640,5989,22808,11953,34760,83106,1126,6130,6852,14427,7350,5232,37833,8764,7529,7237,3546,15698,9392,6240,17915,3905,8113,6933,16619,15619,55358,64738,22300,34212,20680,5571,2836,20483,54671,54520,68196,174634,63299,22808,62745,36839,16403,7350,151633,64909,1,6.8072653,0.20829794
Stoke-on-Trent,E06000021,Total,33225,47582,21535,4132,1101,19827,29878,23885,9578,3937,1258,2409,2906,6933,7498,24732,67097,528,2127,2823,5962,9715,6759,26108,10260,8553,13223,4921,17092,8935,5254,14260,2825,6233,6977,19089,18156,49752,46896,14721,20984,13119,3296,1419,33225,47582,26768,61576,148614,38818,6933,73590,13515,6573,9715,110028,63065,0,9.649359,-5.613274
Telford and Wrekin,E06000020,Total,13748,28700,18576,4178,1406,13034,19164,14976,7466,4937,2284,2237,2955,6331,4988,16530,50567,293,1724,2134,4437,5806,3456,16798,6213,5923,6001,2397,11344,6185,3822,10594,2256,4675,4565,10863,10888,34329,33021,10010,13928,7481,1771,909,13748,28700,24160,43441,99111,24089,6331,47174,12403,7476,5806,79141,37332,3,8.470703,-2.0960422
Staffordshire,E10000028,Total,63893,146504,109218,26358,9290,65182,68643,64966,74543,32648,11899,9370,11979,42861,30382,92188,248271,2290,12177,13435,29877,22661,18283,104794,28007,22191,23657,11527,46089,27401,17444,48881,10251,21510,21022,50940,47000,164651,177221,59225,87789,50278,12496,6291,63893,146504,144866,192598,499037,156854,42861,198791,107191,33248,22661,416521,190176,3,7.534854,-1.3511289
Warwickshire,E10000031,Total,40619,94540,72338,17087,6421,44480,43773,40366,47345,21087,8897,5781,9853,31389,19350,56523,166704,1485,7664,10506,20246,13910,11305,61205,19880,13783,12413,6006,31364,17751,11429,31267,6588,13514,12383,32734,32277,108918,111861,36117,53826,32288,8663,4494,40619,94540,95846,124296,321907,99271,31389,128619,68432,24531,13910,274433,113287,3,7.8227777,-1.029734
Birmingham,E08000025,Total,147112,169909,74523,14673,4519,63012,95188,109441,53686,11977,5523,4467,12646,32837,34914,96186,251668,2970,9718,15221,24916,54114,33428,81213,74102,48771,39917,28028,81901,45952,28408,73659,14762,29453,36063,93914,85601,222658,176026,46435,70102,49043,12656,6412,147112,169909,93715,310198,624634,138213,32837,267641,65663,22636,54114,434107,272031,0,9.748309,-5.4147515
Coventry,E08000026,Total,41361,54083,26218,5293,1637,23754,39327,24120,14284,7750,2579,1941,4191,10043,9571,29800,84624,549,2574,3659,7558,12532,12449,27790,24219,10049,10487,5581,22476,11359,7043,17831,4145,7571,12526,30610,24848,63574,53371,15356,24015,15543,4404,2288,41361,54083,33148,82951,187759,46250,10043,87201,22034,8711,12532,141213,78126,2,9.920293,-6.4624014
Dudley,E08000027,Total,29896,54662,34774,7987,2548,22859,35502,31218,20914,4167,1585,1285,3228,10956,10284,33987,86654,618,3051,4219,9191,12064,5746,36619,9636,10355,10060,4526,18867,10971,6963,18539,4164,8226,7473,18141,18947,61670,61220,19547,31502,19797,4673,2225,29896,54662,45309,75203,179525,58197,10956,89579,25081,6098,12064,143466,71196,0,8.843637,-3.8575647
Sandwell,E08000028,Total,41197,51922,22535,4557,1287,20368,34988,33361,14481,2430,1747,1140,3118,7840,9157,29779,81339,653,2508,3272,6787,16049,6266,28582,11728,12859,12679,7007,22669,12529,7665,19333,4038,8142,8040,20793,23085,64814,54884,15230,24520,16136,4096,2089,41197,51922,28379,82416,178806,46841,7840,88717,16911,6005,16049,130604,72855,0,9.621592,-5.2534595
Solihull,E08000029,Total,16992,33983,26573,6341,2167,11583,18059,21995,18576,5121,1350,957,3289,9989,7022,21701,59212,599,2944,3363,6767,6304,4218,24019,6496,5506,4949,2282,11555,7099,4612,13111,2804,5836,4766,11365,10664,38418,43018,13830,20463,13632,3621,1880,16992,33983,35081,49783,117295,39596,9989,51637,23697,5596,6304,98804,43252,3,7.697269,-1.741128
Walsall,E08000030,Total,31044,45181,24396,5460,1741,18152,25857,24264,19389,2838,1516,1188,2566,8150,8350,26934,67743,672,2891,3168,7260,13006,5131,28865,9544,11220,9974,5566,18373,10401,6570,17266,3590,7237,6840,17504,17690,52593,50223,15221,24666,15752,3706,1691,31044,45181,31597,70277,153231,45815,8150,68273,22227,5270,13006,113799,65169,0,9.481065,-5.0362763
Wolverhampton,E08000031,Total,34370,42007,19951,4479,1370,17889,29100,18678,12333,6342,969,1230,3030,7229,7484,24364,63981,525,2269,2680,5910,14127,6546,23763,11036,9479,9765,5538,16687,8971,5471,15095,3199,6705,6824,17988,17947,51399,45574,12981,20565,14468,3768,1828,34370,42007,25800,62952,145889,40629,7229,65667,18675,5229,14127,106275,59581,0,9.589583,-5.318581
Worcestershire,E10000034,Total,39855,96498,76841,18970,7553,47654,48572,33822,44530,24364,10140,6087,8354,33522,21197,61898,162811,1632,8666,11534,22190,15424,11928,66567,17126,14474,13527,7259,31106,18312,11701,32513,7035,14287,13152,30918,30883,108662,117825,40688,58621,35581,9760,5125,39855,96498,103364,128106,328976,109087,33522,130048,68894,24581,15424,280659,118953,3,7.577036,-0.9462491
Bedford,E06000055,Total,13137,26678,18037,4323,1637,13693,16618,8184,8641,6027,2091,1898,4858,7921,5879,15841,45943,431,2107,2815,5473,5060,4112,14517,6231,4918,3749,2567,10099,5742,3634,9955,2178,4267,4005,9640,10134,32838,30816,9303,12761,8680,2297,1130,13137,26678,23997,39880,92731,24868,7921,38495,14668,8847,5060,76722,31982,3,8.1987705,-1.5000762
Central Bedfordshire,E06000056,Total,13820,41842,36221,9036,3480,17887,12744,16544,27533,11318,5243,8120,6048,14781,11843,26069,81304,678,3678,4981,11135,6443,5237,25111,7768,7346,4409,2499,16009,9162,5805,15480,3323,6571,5441,13598,14484,53597,54730,16292,21945,13232,3175,1537,13820,41842,48737,61791,152701,39889,14781,47175,38851,19411,6443,133082,47133,3,8.166283,-0.67564946
Luton,E06000032,Total,20389,32923,16499,3440,1042,17868,20564,9403,9646,6117,2549,6216,1842,6171,8825,18407,53271,635,2136,2948,6479,8337,8059,14336,10703,9660,5496,4741,16592,8809,5412,13211,2732,5425,5404,16621,18812,43926,34030,8346,12644,8440,1877,920,20389,32923,20981,57585,121735,23881,6171,47835,15763,10607,8337,91935,44936,0,9.781759,-5.222796
Peterborough,E06000031,Total,18412,33372,17712,3452,1075,16209,23938,15367,5179,4488,1914,2314,4851,7158,6626,18654,56704,438,1946,2627,5001,6691,3585,15323,5104,7270,5484,3491,13904,7088,4336,11349,2459,4741,4298,12502,15046,40315,33333,9382,12701,8829,2258,1090,18412,33372,22239,48175,110578,24878,7158,55514,9667,9079,6691,88955,36672,0,9.4870825,-4.853513
Southend-on-Sea,E06000033,Total,20383,33268,16574,3406,1047,18007,16380,8802,5116,3143,1836,10465,2572,7434,7584,17949,47972,451,2168,3348,6834,6209,3393,17655,4769,6298,5311,2650,11213,5783,3715,10194,2132,4322,3730,9832,11282,36929,33309,10419,15184,10548,3223,1843,20383,33268,21027,41089,101771,30798,7434,43189,8259,14873,6209,82115,36683,3,7.7196417,-1.3233039
Thurrock,E06000034,Total,12527,27384,17007,3973,1462,9000,12249,10612,13188,10370,6076,1331,1563,5186,7845,16370,48620,347,1750,2091,5973,6190,3123,13377,3987,5903,4037,2356,12005,6428,3803,9949,2113,4117,3623,9804,11162,36566,29375,8739,10738,6657,1844,782,12527,27384,22442,42038,95646,20021,5186,31861,23558,8970,6190,78274,29660,3,8.634569,-1.7254633
Cambridgeshire,E10000003,Total,43588,106212,76970,17830,6641,51579,46066,41855,52366,26899,10057,8169,18208,37431,23370,61890,196394,1582,8485,12343,22940,13775,14786,58816,33690,17055,12220,7404,36828,20516,13179,34810,7408,14939,17105,44194,41721,130927,121138,38216,53140,33216,9046,4827,43588,106212,101441,144785,376196,100229,37431,139500,79265,36434,13775,318420,129185,3,7.699425,-1.0760657
Essex,E10000012,Total,104522,244783,171954,42913,17417,103048,93508,80352,100281,54761,35103,45426,26495,70620,65937,145817,395312,3917,20667,27804,60088,38074,27751,155639,40372,47562,31887,16721,81796,47295,30296,83001,17478,35911,32392,79047,78007,275860,282575,94496,133323,86926,22971,12213,104522,244783,232284,328169,809985,255433,70620,276908,155042,107024,38074,681356,292181,3,7.7926946,-0.7091185
Hertfordshire,E10000015,Total,76823,191349,140172,32826,12647,85446,77184,74579,85797,58358,37040,23827,9427,62439,50935,109693,341147,3164,16797,25369,47964,28301,26003,96720,40850,36518,20236,13451,74066,40712,25644,68824,14278,29307,25476,65239,69805,241763,224554,62479,87590,61248,16520,8557,76823,191349,185645,278307,663840,173915,62439,237209,144155,70294,28301,570137,207775,3,8.04508,-0.72272134
Norfolk,E10000020,Total,70096,166827,102064,23973,9125,69525,63669,55205,60223,30582,14292,9023,14544,45406,34845,94006,225180,2304,11990,17018,33140,23678,17416,111739,25667,25902,24187,11571,46531,25317,16340,46376,10421,20122,20071,51984,49508,154289,168410,63288,96126,63291,17068,8746,70096,166827,135162,185178,487479,185231,45406,188399,90805,37859,23678,401054,199066,1,6.5287704,-0.23284382
Suffolk,E10000029,Total,55661,135039,90758,21254,8033,68617,56415,41975,53004,25948,11604,8822,15532,40342,29501,82248,204527,2096,9935,14854,27321,18873,13428,86545,17006,22120,16484,10026,42226,24241,15255,42304,8876,18354,15678,40513,42682,136963,144426,51606,75241,49070,13374,7354,55661,135039,120045,166934,416190,145039,40342,167007,78952,35958,18873,354409,152181,3,7.302591,-0.71474594
Camden,E09000007,Total,59595,30991,5757,912,279,17698,27648,29373,6766,1417,489,585,1449,14366,9175,13727,66955,800,4333,6542,11629,7755,6656,11908,22734,7874,7663,5257,13168,6781,4117,9594,1805,3540,7178,21863,25923,59573,33564,9255,12937,7897,2048,1095,59595,30991,6948,46183,150178,23977,14366,74719,8183,2523,7755,110642,55436,2,11.3486185,-7.5427413
City of London,E09000001,Total,3043,1100,173,51,18,2257,846,384,137,31,23,17,83,687,282,360,3245,32,281,213,510,187,144,580,363,153,116,123,236,117,65,169,33,72,92,545,956,2045,1547,463,587,331,75,42,3043,1100,242,784,5556,1035,687,3487,168,123,187,4785,1335,2,10.894033,-7.4757366
Hackney,E09000012,Total,65721,31157,4129,525,158,16130,30252,34482,9033,1420,476,603,1427,11963,12770,21394,68680,935,3056,6434,12868,13207,7309,10441,16455,9262,9788,7594,19149,9618,5742,13878,2738,5270,5402,21685,33838,68805,35479,7271,9673,5775,1324,623,65721,31157,4812,61797,167078,17395,11963,80864,10453,2506,13207,120676,53540,2,11.59635,-7.689676
Hammersmith and Fulham,E09000013,Total,44524,29496,5661,730,179,14006,18115,34833,10020,1412,584,592,1140,10416,8500,11073,66703,607,3078,4927,9252,7060,5054,9135,11919,6645,5670,4429,11900,5446,3113,7621,1550,2883,3483,17279,26021,52859,27248,6677,9102,5300,1297,714,44524,29496,6570,35996,130084,16413,10416,66954,11432,2316,7060,100694,37798,2,11.411399,-7.7305517
Haringey,E09000014,Total,52851,38911,8507,1333,353,10703,14934,45250,18941,2445,660,594,1583,12465,16721,21601,70472,983,3849,8266,13715,11730,7573,13391,15945,9604,8448,7485,18112,9798,5977,15234,2949,5600,5704,18835,28062,71358,41685,9243,12575,7373,1576,845,52851,38911,10193,63374,169183,22369,12465,70887,21386,2837,11730,126459,54873,2,11.633485,-7.753296
Islington,E09000019,Total,60485,28507,3914,490,160,15364,36943,25510,5836,1462,507,587,1400,10122,9034,13596,69852,552,3196,4834,10295,8960,6203,10204,16458,6611,8707,5681,12289,5900,3683,9118,1835,3560,5405,20453,29744,57433,31441,7228,9885,6020,1443,688,60485,28507,4564,41790,146299,18036,10122,77817,7298,2494,8960,108528,47661,2,11.192169,-7.618484
Kensington and Chelsea,E09000020,Total,43982,26866,6204,1046,438,11176,19866,22399,5389,761,412,418,968,13510,6488,8583,51211,808,4604,5215,8777,5433,2886,10119,11031,7740,4503,5170,9189,4765,2849,6442,1137,2308,3030,11322,16602,45177,28537,8176,10928,5720,1539,928,43982,26866,7688,29720,109814,19115,13510,53441,6150,1798,5433,82084,38563,2,11.543086,-7.6766357
Lambeth,E09000022,Total,75214,45077,8147,1219,360,14376,32941,64043,17599,2468,1118,1093,2120,13862,16874,22530,110465,861,3860,7225,14882,14255,9112,13265,16062,8411,9068,7734,20701,10196,6180,14754,2955,5576,5527,26702,43135,87291,47870,9012,12617,7725,1936,909,75214,45077,9726,65889,214010,23187,13862,111360,20067,4331,14255,168935,54540,2,11.465058,-7.7927895
Lewisham,E09000023,Total,55893,46991,10829,1875,503,12466,20203,42449,28783,2449,1107,812,1742,11413,14633,24079,82776,813,3293,6286,11658,12776,10112,15088,15018,9179,8779,6398,22004,10580,6085,15268,3199,6371,6557,20883,26465,74795,47754,9789,13641,9013,2271,1210,55893,46991,13207,70064,179686,26135,11413,75118,31232,3661,12776,139017,54462,2,11.687991,-7.5898366
Newham,E09000025,Total,52849,38531,8405,1386,348,14025,19480,28419,31363,4038,1311,1193,2068,8945,21612,26408,70712,1256,3537,6035,10914,15734,19165,13211,24959,16510,9728,10789,25384,12846,7988,19587,4089,7934,8388,32586,40437,76602,43017,8533,11461,6796,1567,769,52849,38531,10139,86216,201175,20593,8945,61924,35401,4572,15734,138027,75197,2,11.902877,-7.6136966
Southwark,E09000028,Total,70312,41622,7173,1033,282,20095,41277,41941,11142,1832,959,1007,2117,12303,14715,22225,94675,762,3513,6036,12075,13484,11089,12940,22256,8438,9653,7405,20739,9836,5726,14097,2984,5656,7326,26996,35725,80522,47275,9072,11979,7466,1949,935,70312,41622,8488,66364,199590,22329,12303,103313,12974,4083,13484,150375,60692,2,11.371484,-7.689355
Tower Hamlets,E09000030,Total,63797,32329,4450,521,160,24729,31135,30894,9206,1617,866,930,1796,9046,10654,18852,78031,906,2450,4116,8864,13259,10755,9262,19407,13809,8893,7948,18750,9697,5834,13202,2660,4953,7010,30818,40157,70245,29337,5863,8169,5611,1256,534,63797,32329,5131,62106,176420,15570,9046,86758,10823,3592,13259,123974,59319,2,11.453471,-7.6542473
Wandsworth,E09000032,Total,59143,56409,12634,1798,509,15186,27706,66099,30265,3316,1655,1286,2028,16635,14406,18968,123965,881,5239,7883,15532,9311,8010,15140,14599,10424,7027,6554,21670,9230,5344,12521,2241,4621,5541,23699,47217,93803,43539,10658,14455,8763,2355,1338,59143,56409,14941,61168,218916,26911,16635,108991,33581,4969,9311,180478,53744,2,11.480557,-7.689455
Westminster,E09000033,Total,66531,31869,5930,1000,442,21455,32926,22123,5946,1357,702,849,1650,15542,8629,12606,72899,996,4942,5520,10568,7941,4946,12010,17835,9521,8492,7229,12617,6071,3655,8665,1576,3374,5047,17490,27498,64114,35570,9205,13207,8207,2042,1058,66531,31869,7372,41005,153877,24514,15542,76504,7303,3201,7941,112477,55087,2,11.456265,-7.8223653
Barking and Dagenham,E09000002,Total,27618,30183,9557,1859,464,8092,13079,11472,19586,4839,1112,598,1300,4740,10399,15608,44490,506,1883,3009,6023,9367,5518,10995,9485,9476,6459,4749,18676,8989,5342,12757,2534,5246,4805,13053,14971,43463,29955,6799,9276,6982,2102,961,27618,30183,11880,58349,108241,19321,4740,32643,24425,3010,9367,77037,41164,2,12.049567,-7.5932164
Barnet,E09000003,Total,39024,59992,28698,6208,1994,17057,20734,36206,47142,4071,1370,1086,1799,20968,20225,30478,93174,1681,7842,11843,18924,11476,9065,22967,21112,14277,7885,7719,26239,13804,8548,21293,4350,8839,7391,23913,31425,83864,62376,16912,23723,16034,4785,2890,39024,59992,36900,90464,218490,47432,20968,73997,51213,4255,11476,173007,73960,2,11.8275385,-7.477311
Bexley,E09000004,Total,21918,42054,21708,5204,1720,10863,17256,18487,30636,8228,1601,981,1421,8560,12126,23072,66838,532,2688,3648,9508,7245,5333,21839,9177,7696,4943,3395,15182,8535,5480,15018,3351,6574,5903,14832,14041,47146,45928,12795,18695,13408,3403,1706,21918,42054,28632,60043,134742,37212,8560,46606,38864,4003,7245,111619,47050,2,11.855874,-6.946191
Brent,E09000005,Total,47419,43598,14884,3429,956,15451,27761,36623,26401,3214,921,768,1868,12856,21598,25702,83772,1429,5185,8070,15320,13535,10978,18619,19919,13035,9119,9043,22446,11521,7127,17942,3721,7607,7261,24198,34698,76288,53462,12268,17944,11137,2408,1187,47419,43598,19269,77625,200914,32676,12856,79835,29615,3557,13535,150456,69735,2,11.768666,-7.75647
Bromley,E09000006,Total,30723,59613,30909,7072,2545,15585,18933,21859,48292,11462,2061,1111,1785,15799,14481,29012,91506,967,4844,7039,13740,8668,5506,29656,10635,10614,6057,4295,20095,11161,6900,18612,3818,7912,6182,16119,17887,68132,62045,18492,25770,18452,5086,2729,30723,59613,40526,74680,182675,52037,15799,56377,59754,4957,8668,152614,61257,2,11.756282,-6.9067054
Croydon,E09000008,Total,48523,63183,25836,5571,1897,22570,24885,29785,45962,10707,1952,1402,2780,15619,17325,33112,105621,1082,4685,7169,14084,14512,10043,26079,16641,13265,9272,7483,27972,14388,8708,23130,4912,9934,8720,23591,27692,82439,70488,17029,23155,15318,3881,2021,48523,63183,33304,97764,221239,44375,15619,77240,56669,6134,14512,175796,72740,2,11.991497,-7.222005
Ealing,E09000009,Total,43847,54846,20017,4093,1279,18151,25809,35784,39550,5096,1349,1320,2011,15002,20748,25882,100465,1191,4847,8810,16305,13158,9957,20905,18771,14552,9134,8787,25426,12595,7790,19043,4023,7728,6922,24552,33998,87446,58503,14196,19419,12152,3023,1633,43847,54846,25389,83527,218695,36227,15002,79744,44646,4680,13158,167457,72149,2,11.751832,-7.770225
Enfield,E09000010,Total,38933,51872,21997,5328,1786,15693,23261,22084,40369,4530,1331,848,1764,12362,15380,29134,77326,1368,4702,6993,12078,13192,8541,22062,17187,13464,9242,8735,24513,13047,7883,20305,4253,8547,7711,21726,24957,70185,56854,13652,20392,13159,3449,1833,38933,51872,29111,86259,187374,38833,12362,61038,44899,3943,13192,140142,70690,2,11.894131,-7.4160233
Greenwich,E09000011,Total,42455,43058,12523,2321,688,11422,17307,25399,32925,3251,1561,794,1664,9610,13888,20697,71844,702,3175,4687,9741,11518,9709,15695,13957,9577,8621,6799,20945,10443,5882,14984,3140,5978,6943,19987,22113,65585,42269,10172,13675,8692,2452,1297,42455,43058,15532,68315,160126,26116,9610,54128,36176,4019,11518,120555,54649,2,11.828344,-7.6363235
Harrow,E09000015,Total,19811,37013,20993,5012,1439,12576,16529,19138,29857,7904,1271,934,1376,11574,12741,21423,65492,985,4474,5717,10943,7854,6419,18189,13417,9580,5105,5153,15916,9007,5414,14590,3131,6604,5369,16066,19345,53358,44579,12010,17420,11659,2982,1606,19811,37013,27444,60031,145358,33667,11574,48243,37761,3581,7854,115453,51444,2,11.884912,-7.3970666
Havering,E09000016,Total,22364,42968,23831,5910,2126,12721,17158,16215,19467,21170,2104,971,1534,8705,12801,23479,67989,659,3094,4096,10129,7627,4569,24404,7944,8374,5407,3357,13661,8143,5087,14365,3132,6439,5787,14976,14662,46289,47853,14561,20561,15660,4196,1860,22364,42968,31867,56614,138341,42277,8705,46094,40637,4609,7627,114015,49486,3,8.6847315,-1.7268941
Hillingdon,E09000017,Total,22716,43942,25193,6125,2238,17175,23044,26443,21028,13687,2171,1192,1827,11229,12494,23706,80835,729,3402,4704,9812,8693,9661,20310,16788,10311,5886,5089,19704,10494,6421,16877,3397,7227,8409,21934,20878,61198,49433,12786,18061,12425,3036,1656,22716,43942,33556,72529,166229,35178,11229,66662,34715,5190,8693,132849,58384,2,12.0435,-7.0689836
Hounslow,E09000018,Total,29985,42744,16986,3942,1245,16376,23852,27711,24730,5701,1448,906,1654,11139,13515,20588,79763,878,3451,5500,10562,8815,8310,15843,12769,11167,6502,6009,19725,9412,5487,13945,2964,5954,5759,18612,26231,64753,43411,10845,14592,8982,2220,1065,29985,42744,22173,63246,163852,26859,11139,67939,30431,4008,8815,129052,52290,2,11.841539,-7.43832
Kingston upon Thames,E09000021,Total,15997,30084,13740,2861,957,11610,12889,11716,21788,5002,1145,694,1004,8942,7167,13588,49530,524,2357,3961,7166,3850,6372,11281,10305,5616,2664,2459,10964,5647,3319,8541,1799,3422,4643,13505,12358,38920,28602,7982,10241,6775,2136,1206,15997,30084,17558,38335,101367,20358,8942,36215,26790,2843,3850,83498,32325,2,11.821515,-7.2804427
Merton,E09000024,Total,25644,37557,12462,2377,717,10778,15083,18730,33873,2553,1069,701,1161,9455,11419,16484,65877,659,3091,5072,9721,6072,5062,12903,9150,7912,3741,3854,14830,7225,4182,10474,2142,4418,3849,12452,19877,53663,34682,8777,11880,7965,2105,1172,25644,37557,15556,47120,129451,23122,9455,44591,36426,2931,6072,105966,37560,2,11.856184,-7.521605
Redbridge,E09000026,Total,27697,44548,20684,4762,1414,12264,16001,20714,40806,5232,1564,1025,1702,11029,14355,23948,71627,1188,4843,6144,11262,10590,8174,19026,16199,13137,6548,6858,21666,11561,7363,18579,3689,7527,6721,18894,23814,64231,48962,12578,16817,11553,3225,1790,27697,44548,26860,77106,168479,33385,11029,48979,46038,4291,10590,127186,61768,2,12.122527,-7.5013766
Richmond upon Thames,E09000027,Total,19751,40079,16289,2926,790,10657,14139,15697,28346,4720,1513,961,1280,13870,8021,14207,61511,648,3632,6240,9947,4153,3752,13794,7383,6979,2802,2731,14038,6986,4121,9827,1966,3621,3498,9145,12546,49396,36408,10142,13023,8234,2503,1536,19751,40079,20005,44057,117637,25296,13870,40493,33066,3754,4153,99937,33689,2,12.026287,-7.278561
Sutton,E09000029,Total,18303,36110,18214,4118,1429,13437,18695,16339,23297,4180,916,702,1139,8738,10215,18502,60111,600,2635,3981,8603,5429,4134,15461,6454,6238,3904,2658,12750,6897,4198,11673,2470,5097,3920,10657,13185,44453,37247,10366,13785,9448,2637,1363,18303,36110,23761,47005,115908,27233,8738,48471,27477,2757,5429,98566,34715,2,11.999563,-7.3151374
Waltham Forest,E09000031,Total,40583,40732,12225,2582,739,12441,15249,28045,31352,3017,982,734,1443,9193,18565,21889,69385,1033,3371,6509,12777,11654,8397,15335,15209,11429,7166,6824,20839,10359,6104,14760,3056,6234,5951,20604,26508,65523,42962,9783,13413,8629,2267,1257,40583,40732,15546,67303,165380,25566,9193,55735,34369,3159,11654,123361,55963,2,11.987089,-7.670185
Bracknell Forest,E06000036,Total,6275,17818,16656,3794,1335,9218,10398,8615,11509,4938,1692,2428,1035,6875,5206,11066,40762,225,1249,2112,4581,2808,2334,8496,3007,3450,1770,1256,8027,4218,2527,7082,1608,3198,2425,6349,7721,26631,23439,5833,7520,4742,1247,638,6275,17818,21785,29085,69973,14147,6875,28231,16447,5155,2808,62329,17979,3,8.357233,-0.8897596
Brighton and Hove,E06000043,Total,46415,51727,19078,3294,1026,32300,31065,12447,10361,3367,5017,2366,12275,17356,13269,27492,75999,884,4191,7985,14181,7818,12303,19625,20567,7249,8813,3685,15015,8186,5105,13412,2627,5602,9810,28129,22998,65653,48426,12714,17460,12248,3758,2226,46415,51727,23398,59757,177920,35692,17356,75812,13728,19658,7818,143035,59939,2,10.270235,-6.9769287
Isle of Wight,E06000046,Total,13761,28314,14356,3468,1186,14437,6986,11072,10019,1064,584,535,1794,7280,5528,15728,30353,476,2111,3293,5673,4386,2198,20478,3661,3933,4504,2953,6412,3945,2597,7968,1754,3492,2944,6808,6690,23176,28531,10994,17112,10772,3257,1813,13761,28314,19010,29112,76199,32954,7280,32495,11083,2913,4386,59832,35529,1,6.442275,0.10100766
Medway,E06000035,Total,23231,45163,28790,6609,2416,18518,23639,16670,16464,7024,5182,13207,3130,9922,12933,27137,77912,543,2731,3692,9910,9469,6560,24738,9912,10105,7334,4115,17224,9732,6235,16765,3458,7463,8110,19041,17581,54321,51536,15454,20652,11946,2915,1492,23231,45163,37815,68987,157933,37005,9922,58827,23488,21519,9469,128485,56204,3,7.8658667,-1.0750991
Milton Keynes,E06000042,Total,18656,42633,29364,6009,1922,17859,31324,27041,8823,6106,2338,3210,8819,12488,9775,23644,84004,537,2598,3938,8658,8640,5698,18654,7143,8338,5810,3723,19908,10263,6205,15805,3211,6339,5170,14056,19596,59548,48040,13169,15467,8494,2371,1179,18656,42633,37295,66901,154409,27511,12488,76224,14929,14367,8640,129077,43668,3,8.3845415,-1.9645596
Portsmouth,E06000044,Total,28533,37396,15776,2948,820,23310,24425,14837,6030,4603,1506,1450,4092,7092,9274,20626,57743,376,2016,2483,6676,6536,9378,16385,16380,6297,5813,2996,13548,6970,4061,10927,2294,4628,9034,22761,16991,41524,35086,9820,13861,9210,2792,1549,28533,37396,19544,51462,126182,27412,7092,62572,10633,7048,6536,99298,47871,2,10.000945,-6.616954
Reading,E06000038,Total,17819,28235,13326,2612,877,17851,19296,8319,6930,5424,2183,3423,3054,6999,6373,13883,52054,238,1388,2283,5329,5329,5825,10001,9297,5334,3227,2620,11937,5463,3093,7968,1655,3279,4875,14574,15113,38506,25030,6373,9058,6132,1704,938,17819,28235,16815,38270,99596,17832,6999,45466,12354,8660,5329,81000,30479,2,10.276152,-6.8170304
Slough,E06000039,Total,11885,22404,12478,2974,1025,11851,13519,11082,9741,4514,2980,922,1037,4977,6677,11886,43610,388,1398,2494,4646,5440,3957,7517,5813,6555,3388,3366,12777,6276,3718,9034,1755,3664,3155,9574,13351,35902,23015,5160,6637,4505,1103,579,11885,22404,16477,40379,87002,12824,4977,36452,14255,4939,5440,68379,26639,2,12.02695,-7.0737457
Southampton,E06000045,Total,28996,43938,20099,3969,1252,23327,31310,19111,9171,3367,1989,2190,4129,7767,10247,22856,68082,450,2027,2965,7522,7631,11660,17775,20857,7449,7330,3597,15407,7406,4441,11555,2539,4801,10602,29384,21785,48888,38352,10946,15443,10661,3084,1588,28996,43938,25320,56751,149355,30776,7767,73748,12538,8308,7631,115562,57008,2,10.127675,-6.775269
West Berkshire,E06000037,Total,7759,24042,22437,5858,2244,12398,12674,11932,10948,6241,2997,2827,4124,10689,6849,15567,51084,369,2286,3416,6620,3279,2780,14094,3799,4769,2420,1571,10065,5512,3505,9914,2095,4303,3235,7341,8506,33010,32957,9753,12949,7590,2065,1022,7759,24042,30539,38629,91567,23626,10689,37004,17189,9948,3279,82122,26653,3,8.312417,-0.7490031
Windsor and Maidenhead,E06000040,Total,7782,23443,20326,4864,1934,10708,9904,10960,12364,4804,4079,3318,1125,10898,5791,12727,46337,464,2280,3685,6474,3292,2391,13366,4598,5016,1834,1783,9365,5252,3332,8863,1848,3910,2585,7111,8841,31949,28735,8692,12424,8164,2243,1246,7782,23443,27124,35155,85328,24077,10898,31572,17168,8522,3292,74358,26597,3,8.01743,-0.6200958
Wokingham,E06000041,Total,5422,22202,24577,5873,2258,8973,13735,15652,11223,5906,2615,4475,1719,10842,6237,15282,51260,385,2052,3403,6241,2958,3331,14976,4441,4799,1742,1403,10031,5758,3793,9740,2048,4090,3349,7428,8071,33741,33116,9426,13052,7791,1896,1050,5422,22202,32708,38809,91782,23789,10842,38360,17129,8809,2958,81954,27361,3,8.330338,-0.5949152
Buckinghamshire,E10000002,Total,25261,75300,73419,18882,7865,34777,30904,32919,38191,22726,15312,14896,6356,35976,22919,48249,151064,1697,8549,13539,23290,10887,10606,48349,16339,17245,7360,6599,31832,18799,12140,32552,6726,13496,10946,25974,27607,103397,106421,31242,44690,28249,7287,3925,25261,75300,100166,126491,294641,84151,35976,98600,60917,36564,10887,256994,95892,3,8.225827,-0.53222245
East Sussex,E10000011,Total,50674,100340,60173,14750,5968,42686,36985,25589,32726,14911,7072,8288,12949,33195,24918,55152,125533,1707,8323,14214,26000,13503,10520,66736,14879,15665,15388,6898,27456,16415,10649,30390,6246,13285,11904,26479,25818,90763,107981,39522,58766,41131,12349,7517,50674,100340,80891,116345,290563,119763,33195,105260,47637,28309,13503,241449,119566,1,6.354216,0.21327433
Hampshire,E10000014,Total,80005,220861,182611,44568,17209,103727,102205,110217,101247,43246,18217,21457,30837,76931,57382,139162,403763,3331,17309,27288,51518,28508,28518,144936,34057,37867,24979,13739,77307,44818,28446,78870,16964,33756,29301,71399,71087,259061,275328,88079,126964,82172,22233,12003,80005,220861,244388,309462,764954,243372,76931,316149,144493,70511,28508,670889,255578,3,7.8295975,-0.8151415
Kent,E10000016,Total,121094,258442,169541,40616,15945,114309,99394,84633,92759,58827,31521,33558,31595,76873,64965,149177,399625,4048,21135,29898,59600,41541,32884,159127,50767,49761,37471,20363,89076,51228,32919,91396,18935,39259,37792,87679,83297,282886,290483,96484,137517,87948,23683,13158,121094,258442,226102,360605,840829,262306,76873,298336,151586,96674,41541,696367,317489,3,7.7815676,-0.9754761
Oxfordshire,E10000025,Total,45340,107358,79519,19148,7490,64499,49534,44943,49106,23868,10451,8833,15795,41725,25665,64450,205466,1742,9136,14641,24900,13103,16681,57079,38179,17972,10553,8336,41056,22181,13850,37335,7818,15721,18937,47593,46830,135280,125441,38014,54422,34637,9523,5160,45340,107358,106157,156898,393158,103742,41725,158976,72974,35079,13103,337016,132119,3,7.673716,-1.0930218
Surrey,E10000030,Total,59865,184249,155920,39607,16150,75408,79849,87390,87770,57517,29132,20648,9614,76453,50745,106283,344923,3600,18477,29551,50858,22772,25327,105585,40897,38200,16744,14055,71306,40532,25309,67566,13778,28145,25753,61519,62154,240551,231932,69379,97839,66584,19135,10908,59865,184249,211677,272389,665535,194466,76453,242647,145287,59394,22772,579019,215481,3,8.066224,-0.6218572
West Sussex,E10000032,Total,61657,150046,100934,23709,9268,70011,61000,51521,57083,23252,12084,20353,15872,48246,35267,85566,228254,2274,11374,19279,34372,18331,16669,91376,20056,23515,16915,9243,46486,26373,16806,45733,9557,19181,17229,41088,44020,156491,163008,54345,81862,58142,16931,9640,61657,150046,133911,181365,458952,166575,48246,182532,80335,48309,18331,397788,161105,3,7.4580693,-0.6412913
Bath and North East Somerset,E06000022,Total,16158,31073,19957,4511,1816,17252,15658,9527,16284,3816,708,1246,2787,10624,6956,18818,46367,526,2506,4158,7116,3548,6713,17896,13209,4289,3610,1794,9238,5192,3508,9568,2071,4125,7086,15995,10141,32400,34073,10802,15928,10981,3249,1659,16158,31073,26284,40788,103411,31817,10624,42437,20100,4741,3548,86204,40798,3,7.3959227,-1.0014007
"Bristol, City of",E06000023,Total,52814,82483,37858,7172,2420,45846,63042,35751,15836,2946,2111,2808,6856,17841,16958,42980,127829,909,4352,7308,14537,13817,15387,31534,28932,12556,13973,7392,29633,14371,8466,21703,4408,8922,13711,44371,40752,95160,70787,20078,27725,19235,5798,3114,52814,82483,47450,101214,271148,55872,17841,144639,18782,11775,13817,213302,94387,2,10.22702,-6.9175797
Cornwall,E06000052,Total,39937,102864,64904,16278,6406,46668,30531,31706,39596,14319,5470,4711,8621,38596,24309,59778,123195,1967,10229,14046,26771,12694,10804,73605,16726,15517,16980,6546,27366,15714,10359,29972,6530,12575,12695,28357,26373,93598,110882,42611,61767,37746,10218,5510,39937,102864,87588,115211,301821,115241,38596,108905,53915,18802,12694,246790,129374,1,6.587803,0.24215323
Isles of Scilly,E06000053,Total,492,355,108,27,7,565,73,20,0,0,0,4,109,428,112,220,653,17,124,82,210,18,7,209,13,26,14,29,105,65,40,114,22,7,27,111,135,427,472,172,271,165,37,33,492,355,142,380,1317,506,428,658,0,113,18,1313,291,1,6.5959024,0.48898467
North Somerset,E06000024,Total,15151,36867,27620,6248,2341,17364,12659,12469,19313,8229,2789,1191,3726,11734,8089,23117,55596,527,2957,4172,7770,4350,4118,25366,4591,5082,5607,2099,11653,6681,4343,11579,2396,4749,4181,9491,10363,38286,41557,14654,22071,14043,4175,2344,15151,36867,36209,45582,114351,42633,11734,42492,27542,7706,4350,98257,42745,1,7.138418,-0.36715707
Plymouth,E06000026,Total,30438,49904,23251,4425,1289,24950,34918,26035,4949,964,1210,2389,4280,7898,9873,28356,69234,529,2429,3245,6913,8136,8900,27019,16060,7482,10042,3441,15336,7956,4991,13645,2954,6011,8839,24343,18888,48662,47904,15140,21999,14098,3639,1979,30438,49904,28965,59732,154937,41715,7898,85903,5913,7879,8136,119606,64044,2,9.972344,-6.8518662
"Bournemouth, Christchurch and Poole",E06000029,Total,32578,64813,37194,8283,3036,30512,45896,29262,10953,1777,2733,3055,5919,16562,14226,34504,93189,940,4325,6596,12993,8675,10515,34015,15106,9225,9662,4220,18725,9549,5895,16323,3434,7074,9502,25310,23647,67925,61265,20018,29224,22180,7001,4064,32578,64813,48513,70502,198165,62469,16562,105670,12730,11707,8675,163062,72228,5,17.5197834,-7.76267354
South Gloucestershire,E06000025,Total,14044,45398,36103,8618,3375,21120,22334,34619,22076,3643,1730,2551,4599,12787,11072,31453,82489,584,3131,4158,9274,5354,6755,27390,7885,6244,4872,2879,15925,8967,5641,15858,3539,6958,7102,15458,15606,53974,53582,15748,24040,14835,3648,1886,14044,45398,48096,63990,154368,44409,12787,78073,25719,8880,5354,137844,49270,3,7.6899076,-1.4857029
Swindon,E06000030,Total,19060,39031,24098,4722,1449,20280,31812,18354,5507,3104,2333,4312,6722,8849,8226,22137,71912,329,2027,2891,6814,6518,4411,17868,4895,6301,5271,2706,14083,7551,4722,12433,2593,5141,4690,12859,15075,48338,41827,10990,15160,9899,2616,1179,19060,39031,30269,51213,129089,28854,8849,70446,8611,13367,6518,110521,37041,3,8.176051,-1.8654363
Torbay,E06000027,Total,15063,26678,13235,2926,1108,15388,10582,9766,3653,1889,1373,785,1417,6853,5206,14782,29537,421,1999,2683,5644,4275,2454,18416,3032,3624,5454,1679,6690,3851,2426,7092,1610,3120,2839,6779,6700,22055,26774,10169,15564,10219,3190,1881,15063,26678,17269,27628,72477,30854,6853,35736,5542,3575,4275,57520,32205,1,6.342826,0.18479814
Wiltshire,E06000054,Total,28660,80315,63879,15513,5827,46432,25593,31023,38325,16609,10406,7302,12013,32701,18812,50806,143218,1269,6965,10635,19233,9999,8667,49893,11119,13554,9102,5135,28373,16588,10611,29276,6120,12432,10645,24720,25471,91597,98414,31246,45070,28456,7725,4237,28660,80315,85219,114045,271448,85488,32701,103048,54934,29721,9999,240793,88803,3,7.9253144,-0.7337904
Devon,E10000008,Total,56105,142566,92169,22652,9152,71814,48454,42025,56776,20966,7420,6542,11437,56771,31708,84667,181896,2738,14146,20126,37542,15256,15476,98590,25369,18374,18222,8817,37479,22022,14310,40518,8845,17586,18977,42929,36415,126570,154693,57629,86420,56246,16645,9115,56105,142566,123973,159737,418236,168426,56771,162293,77742,25399,15256,356591,169372,1,6.586219,0.10566953
Dorset,E10000009,Total,28021,78377,54354,14024,5437,35084,23729,28769,29388,10486,6476,4090,7195,28022,17664,46265,101952,1402,6747,10334,18249,7986,7008,59463,9336,10556,9080,5063,19333,11864,7979,23023,5110,10393,8619,19450,17091,66924,85770,33204,51990,36092,10435,5628,28021,78377,73815,86321,222439,104145,28022,87582,39874,17761,7986,191957,93498,1,6.3206387,0.19774155
Gloucestershire,E10000013,Total,43480,106491,78426,18960,7258,55452,51602,41982,43590,18074,8123,8172,11481,37306,24258,65427,174614,1685,8976,13602,24596,14232,13501,64968,19114,16240,13326,6807,33438,19059,12481,34479,7294,15474,14363,34958,33994,116039,124311,39739,58210,36976,10671,5498,43480,106491,104644,136588,349041,111355,37306,149036,61664,27776,14232,302401,120455,3,7.5080447,-0.76274174
Somerset,E10000027,Total,36092,98217,68317,17352,7011,56322,34847,29170,39776,15481,8140,5846,8546,36817,21810,60626,141278,1561,8545,12705,23971,11350,9732,64972,13422,13935,13317,5771,28717,16708,10779,31309,7077,14368,11863,28035,26508,92738,110903,39307,57463,37588,10853,5756,36092,98217,92680,120821,297491,111660,36817,120339,55257,22532,11350,258418,111417,1,6.753118,0.27920672
Isle of Anglesey,W06000001,Total,5517,13066,8737,2300,974,4680,3453,4025,5259,3028,1196,515,1552,4026,2697,6949,17274,247,1134,1157,2662,2381,1219,10150,2266,1891,2592,896,3878,2082,1382,3746,773,1680,1398,3863,3603,12050,14189,5461,8574,5046,1249,777,5517,13066,12011,14939,39166,15646,4026,12158,8287,3263,2381,30642,17795,1,6.5997376,-0.102534615
Gwynedd,W06000002,Total,11230,22788,13628,3417,1410,10020,5041,7791,6836,3659,2125,2075,2970,8546,4898,12300,27834,373,2464,2326,5766,3176,3756,14561,7814,3062,3867,1614,6819,3748,2430,6610,1344,2784,4220,9719,6472,20714,23341,8533,13130,8565,2278,1167,11230,22788,18455,27955,68779,25140,8546,22852,10495,7170,3176,54819,30918,1,6.605689,-0.25650293
Conwy,W06000003,Total,11128,22621,13060,3162,1206,8887,7440,7418,6833,3388,1443,1571,2168,6743,4202,12398,26697,346,2077,1948,4773,3362,2191,16178,3453,2684,4363,1436,5839,3351,2155,6418,1363,2849,2390,5798,5404,19079,23576,8844,13966,9921,2729,1546,11128,22621,17428,24365,62701,28162,6743,23745,10221,5182,3362,50430,28114,1,6.2876306,0.10275027
Denbighshire,W06000004,Total,8515,17818,10622,2598,993,8053,4547,6222,5389,3923,2049,1211,1210,5136,3416,9696,23121,265,1587,1518,3601,2857,1764,12487,3239,2314,4088,1139,5323,2986,1975,5473,1196,2543,2270,5212,4525,16269,19113,7159,10585,6522,1656,927,8515,17818,14213,21766,52278,19690,5136,18822,9312,4470,2857,41552,23267,1,6.568199,-0.21220532
Flintshire,W06000005,Total,10834,26756,19766,4755,1670,9986,10683,14543,15888,4903,1885,1677,2793,6577,5114,16875,45785,372,1844,2052,4611,4332,3086,18839,4240,3858,4829,1602,9349,5098,3275,8997,1925,4073,3499,8970,8547,29576,31332,11029,15299,8384,2060,1093,10834,26756,26191,36216,89454,26836,6577,35212,20791,6355,4332,74625,33368,3,7.6046295,-1.6945378
Wrexham,W06000006,Total,12647,23903,15775,3545,1159,9797,13113,12690,9986,3320,1653,1575,2009,5324,4147,14567,39011,316,1740,1692,3797,4128,3162,14983,4409,3799,5269,1818,8829,4785,2832,7736,1636,3219,3188,8439,8825,26996,26650,8858,12516,7458,1858,1019,12647,23903,20479,32225,79768,22851,5324,35600,13306,5237,4128,64285,30278,3,7.986604,-2.0927808
Powys,W06000023,Total,8757,24996,17590,4875,2127,11815,4573,5641,8237,4766,2387,2573,3908,13621,6132,13955,31210,482,3109,3399,9715,2928,2048,17283,3539,3036,3926,1439,6582,3959,2681,7947,1724,3463,2780,6465,5877,21818,28570,10864,16232,9926,2685,1403,8757,24996,24592,29136,73594,30246,13621,22029,13003,8868,2928,63918,29223,1,6.6182303,0.3830162
Ceredigion,W06000008,Total,5803,13627,8677,2449,1006,6248,2886,4015,3675,2065,1084,982,1760,6780,2951,6612,15161,218,1587,1776,4677,1469,3564,9550,7835,1610,2521,825,3472,2015,1331,3642,770,1607,4255,8191,3614,11283,14463,5574,8418,5151,1406,730,5803,13627,12132,17092,43125,15705,6780,13149,5740,3826,1469,33595,22341,1,6.5593853,-0.04857178
Pembrokeshire,W06000009,Total,9496,23392,14702,3936,1596,10465,5680,7191,8462,3143,1173,954,2414,9395,5340,13507,27231,449,2675,2652,6087,3555,1964,16505,3311,3766,4693,1654,6784,3889,2469,7383,1552,3131,2798,6710,5860,20195,25450,9525,14380,8847,2289,1177,9496,23392,20234,28006,67740,26693,9395,23336,11605,4541,3555,54565,29929,1,6.4312887,0.08340104
Carmarthenshire,W06000010,Total,14826,34265,21756,5800,2182,13248,8744,7827,15982,7899,2602,2518,3460,11630,6770,18475,44839,498,2952,2955,8237,4962,3299,24097,5992,5007,9055,2562,10310,5835,3862,10642,2365,4628,4352,10598,9531,31792,38338,13348,20343,12651,3449,1733,14826,34265,29738,41994,103607,38176,11630,29819,23881,8580,4962,81255,46713,1,6.539098,-0.18005382
Swansea,W06000011,Total,26660,44849,24572,5530,1886,18349,24588,23416,10795,2137,2001,2459,3671,8228,7149,25141,59606,558,2708,2858,5542,6831,8216,27684,15342,6565,12146,3774,13110,7491,4948,13214,2633,5412,8004,20520,15559,45031,45313,14976,22156,14901,3815,1940,26660,44849,31988,54812,141399,42812,8228,66353,12932,8131,6831,104629,65511,2,9.788301,-6.73074
Neath Port Talbot,W06000012,Total,15407,26143,14513,3395,935,9029,8642,12017,12410,4041,1188,1866,1481,4081,4225,14335,36977,268,1257,1368,3015,4630,2260,17837,4397,4446,9839,2357,7599,4500,2816,8020,1702,3599,3219,8112,8702,26610,29399,9483,13862,8737,2295,1157,15407,26143,18843,31455,82306,26051,4081,29688,16451,4535,4630,59480,38876,0,8.982943,-3.2367423
Bridgend,W06000013,Total,12819,25715,15534,3382,1065,10494,9386,9892,10289,6234,3203,752,1695,4813,4501,14633,38066,272,1495,1556,3411,4687,2329,17204,4228,3986,7899,3039,7727,4620,2959,8369,1613,3558,3226,8234,8439,27924,28520,9135,13769,8045,2054,986,12819,25715,19981,32072,82252,24854,4813,29772,16523,5650,4687,61762,36356,0,9.030283,-2.947709
Vale of Glamorgan,W06000014,Total,10368,22989,15394,3577,1177,9632,8577,12314,11004,3644,896,840,1805,5886,4380,13657,34955,375,2039,2101,4016,3956,2285,14912,4235,3362,4414,1509,7333,4229,2689,7902,1679,3481,2992,6825,6969,24138,26557,8487,12367,7535,2134,1019,10368,22989,20148,30305,72976,23055,5886,30523,14648,3541,3956,59428,28432,3,7.721143,-1.9415121
Cardiff,W06000015,Total,41400,61089,31819,6232,2017,32193,43788,32864,12795,5100,2130,2861,4445,11998,11440,32468,97170,750,3901,4622,9044,11566,15232,27061,28383,10403,13477,6191,22378,11163,6917,18538,3979,7836,14055,38735,30515,69946,59978,16498,22705,15949,4703,2195,41400,61089,40068,84866,215672,45552,11998,108845,17895,9436,11566,163187,85515,2,9.89998,-6.6517806
Rhondda Cynon Taff,W06000016,Total,26978,42454,23323,5315,1593,13137,13251,17306,23861,9762,2945,922,2520,6778,8845,23068,61225,402,2423,2181,6027,8104,5300,27595,9914,7007,14854,3947,14449,8134,5006,13885,2820,5837,6225,16178,14818,45638,45894,15453,22004,13010,3383,1676,26978,42454,30231,56356,137981,40073,6778,43694,33623,6387,8104,100626,63317,0,8.896473,-3.0738819
Merthyr Tydfil,W06000024,Total,7213,10486,5091,1116,358,5719,5258,2784,3098,2235,1425,265,669,1680,1966,5913,15882,111,592,501,1286,2481,1067,6690,2078,1678,4107,991,3630,1881,1238,3476,735,1616,1473,3959,4170,11107,11941,3780,5331,3281,775,409,7213,10486,6565,14049,34957,9796,1680,13761,5333,2359,2481,25352,15544,0,9.078223,-3.009898
Caerphilly,W06000018,Total,18137,32153,18644,4210,1335,11632,11267,14582,20375,4888,989,1000,1770,5347,5638,17292,50160,342,1842,1657,4061,6731,2847,21032,5869,5645,10731,2741,11313,6289,4141,10991,2247,4710,4361,10820,11222,35653,35679,11815,16690,9467,2332,1076,18137,32153,24189,44052,105189,29565,5347,37481,25263,3759,6731,78201,46018,0,8.779721,-3.1500869
Blaenau Gwent,W06000019,Total,8811,13315,6342,1484,464,4964,5510,4205,5391,2123,878,673,873,1660,2014,6763,18147,132,586,522,1366,3557,1072,8709,2245,2312,4995,1403,4016,2223,1334,4053,867,1946,1832,4636,4284,13569,13958,4619,6965,4015,993,504,8811,13315,8290,16271,41066,12477,1660,14679,7514,2424,3557,28588,19664,0,9.143684,-3.093235
Torfaen,W06000020,Total,9090,16740,9583,2320,791,7471,7888,7864,6436,2762,774,536,1043,2582,2905,9535,25574,177,854,793,2032,3163,1692,11115,2662,2897,4410,1203,5381,3105,1928,5620,1208,2630,2240,5588,5574,16709,18682,6040,8644,5568,1419,739,9090,16740,12694,22112,52593,16370,2582,23223,9198,2353,3163,40657,22287,0,8.893556,-3.384177
Monmouthshire,W06000021,Total,5807,15376,12431,3324,1295,7083,2779,4721,7350,4903,2748,1307,1830,6619,3477,9352,24246,293,1648,2001,4014,2217,1501,11640,2838,2426,2646,1285,4637,2852,1919,5684,1151,2628,1950,4311,3812,15978,20461,6897,10070,6396,1683,894,5807,15376,17050,20821,51459,19043,6619,14583,12253,5885,2217,43055,20835,1,7.0542226,0.12792632
Newport,W06000022,Total,17076,25325,14510,3193,1068,11067,16790,10854,8978,3383,1436,712,2276,4728,4184,15531,39177,318,1593,1615,3368,5616,3793,15389,5591,4642,6039,2469,9543,5194,3363,9402,1886,3881,4114,10041,9406,28819,27829,8507,12544,8059,2115,1033,17076,25325,18771,37383,84602,23751,4728,38711,12361,4424,5616,65395,34130,0,9.210245,-4.698325
